traffic_volume,response_time,cpu_utilization,memory_utilization,db_query_time,active_users,system_load,performance_state
77.76,171.43,33.19,42.79,65.16,441,0.39,NORMAL
81.52,129.38,12.75,34.38,34.81,531,0.32,NORMAL
87.41,169.99,35.98,65.59,55.91,512,0.4,NORMAL
118.95,138.96,23.98,58.52,49.8,394,0.66,NORMAL
155.57,238.69,41.94,42.19,63.23,399,0.18,NORMAL
89.24,230.58,33.44,22.37,54.86,461,0.36,NORMAL
111.64,124.59,38.88,48.94,61.32,479,0.38,NORMAL
121.99,250.18,18.94,28.04,62.19,635,0.49,NORMAL
119.46,180.07,37.96,54.95,55.07,837,0.32,NORMAL
98.78,217.86,30.87,37.01,51.38,301,0.46,NORMAL
84.21,212.86,37.44,37.88,43.6,550,0.73,NORMAL
106.29,126.82,30.97,49.69,39.47,467,0.42,NORMAL
167.24,632.24,68.46,66.04,185.54,1635,1.43,WARNING
198.88,969.49,67.58,69.26,104.06,1492,1.52,WARNING
109.56,238.36,27.41,34.25,43.68,533,0.5,NORMAL
242.51,928.57,72.91,60.91,270.14,1079,1.73,WARNING
90.13,232.45,39.23,57.07,63.1,500,0.43,NORMAL
75.54,138.46,20.81,55.5,38.25,467,0.66,NORMAL
368.19,794.91,90.39,66.76,189.71,1067,1.98,WARNING
513.29,985.69,91.25,91.73,432.0,3116,3.73,HIGH_LOAD
103.5,162.44,17.83,50.49,69.88,573,0.31,NORMAL
243.48,486.94,74.63,74.13,241.1,2069,1.4,WARNING
117.57,129.68,27.6,52.09,58.07,773,0.52,NORMAL
298.27,589.08,54.29,74.82,188.83,1714,1.69,WARNING
554.75,1413.03,93.89,95.23,465.79,2536,3.09,HIGH_LOAD
304.62,684.12,56.16,71.54,202.91,1157,1.64,WARNING
252.05,603.59,78.82,79.05,169.8,1591,1.6,WARNING
117.44,237.95,35.71,51.36,64.31,565,0.44,NORMAL
103.3,179.27,21.44,39.6,41.98,321,0.57,NORMAL
101.6,233.98,25.28,50.89,50.96,392,0.36,NORMAL
419.45,757.2,83.43,83.63,241.44,1504,1.68,WARNING
87.43,183.27,22.07,38.85,57.57,586,0.26,NORMAL
106.36,133.66,13.88,49.45,69.0,537,0.83,NORMAL
136.87,197.02,42.67,32.92,56.66,577,0.31,NORMAL
74.1,193.58,28.95,20.05,30.5,654,0.76,NORMAL
276.72,509.97,76.63,70.1,150.92,1638,1.58,WARNING
112.94,234.34,31.26,21.03,69.21,438,0.92,NORMAL
101.42,242.48,32.81,33.77,46.88,450,0.38,NORMAL
119.04,227.59,44.53,43.62,58.72,437,0.68,NORMAL
264.49,569.67,64.79,71.17,263.88,1322,1.72,WARNING
755.29,1043.04,87.8,87.96,526.16,3006,4.24,HIGH_LOAD
694.91,1827.72,91.62,89.35,509.7,3297,2.85,HIGH_LOAD
124.1,95.5,18.03,47.71,60.01,430,0.5,NORMAL
777.04,1273.11,85.87,88.39,541.29,2718,2.84,HIGH_LOAD
91.33,166.79,32.04,45.59,63.09,615,0.4,NORMAL
127.2,149.87,33.11,54.75,62.86,484,0.5,NORMAL
86.35,127.72,29.52,52.71,61.56,549,0.52,NORMAL
515.59,1349.4,91.12,90.06,509.77,2613,3.52,HIGH_LOAD
278.4,382.07,83.6,82.0,290.8,1466,1.89,WARNING
115.68,293.81,8.76,34.74,38.61,515,0.57,NORMAL
111.43,196.32,39.71,47.42,72.15,570,0.47,NORMAL
285.89,510.09,47.87,83.54,194.27,1871,0.86,WARNING
105.19,131.57,33.02,55.16,54.69,468,0.18,NORMAL
326.77,617.35,49.66,82.78,216.62,1275,2.12,WARNING
103.4,274.45,41.53,50.27,52.49,397,0.45,NORMAL
117.56,235.88,40.58,22.41,32.25,296,0.45,NORMAL
90.27,185.93,43.34,49.82,54.96,498,0.66,NORMAL
433.53,918.04,79.66,89.55,369.55,3334,3.79,HIGH_LOAD
114.95,159.23,27.09,60.55,45.21,455,0.4,NORMAL
88.82,201.76,28.93,29.65,41.7,380,0.89,NORMAL
110.29,172.64,42.05,48.51,40.69,426,0.62,NORMAL
75.44,215.56,14.85,53.67,74.67,475,0.62,NORMAL
80.55,190.65,30.79,55.24,13.15,418,0.32,NORMAL
99.04,274.0,23.53,29.18,75.31,588,0.5,NORMAL
147.49,269.79,40.15,35.59,73.73,461,0.37,NORMAL
73.81,156.8,16.01,45.63,40.24,451,0.38,NORMAL
49.94,163.8,36.85,43.9,48.73,523,0.55,NORMAL
273.37,685.59,65.99,77.51,116.53,1663,1.23,WARNING
105.6,143.04,2.59,35.41,45.4,347,0.66,NORMAL
105.35,171.16,23.48,40.47,37.09,461,0.7,NORMAL
122.13,208.49,37.72,32.77,86.51,322,0.29,NORMAL
101.79,179.41,30.87,38.44,67.52,525,0.57,NORMAL
93.63,186.49,26.81,45.43,65.52,279,0.57,NORMAL
347.38,851.47,44.62,59.92,106.46,1394,1.51,WARNING
95.22,208.26,38.23,48.92,51.43,411,0.56,NORMAL
111.38,212.41,33.38,35.85,59.49,727,0.54,NORMAL
78.17,264.35,21.83,55.1,56.03,465,0.67,NORMAL
91.11,293.84,37.57,30.78,63.04,635,0.58,NORMAL
78.83,209.03,24.87,41.71,62.53,410,0.1,NORMAL
432.18,670.72,66.09,77.26,224.05,1567,1.18,WARNING
73.17,326.93,48.87,41.84,51.5,490,0.66,NORMAL
110.48,203.67,28.42,35.73,34.82,334,0.66,NORMAL
125.4,199.67,21.82,24.97,46.09,387,0.47,NORMAL
73.62,144.67,27.69,46.96,77.73,612,0.45,NORMAL
100.01,194.26,31.58,33.22,52.24,421,0.63,NORMAL
103.1,275.2,29.67,34.57,39.31,510,0.45,NORMAL
58.43,192.51,17.59,28.22,53.06,528,0.45,NORMAL
110.56,143.55,18.89,57.52,64.04,627,0.64,NORMAL
101.97,240.69,28.7,45.0,34.2,464,0.45,NORMAL
505.96,1107.14,88.2,95.8,391.89,3307,3.97,HIGH_LOAD
66.6,237.82,47.65,27.58,37.76,631,0.15,NORMAL
71.74,219.96,9.18,56.96,53.17,490,0.39,NORMAL
697.18,1013.14,89.85,88.32,634.6,4077,4.04,HIGH_LOAD
279.09,453.24,65.18,73.48,173.01,1266,1.58,WARNING
140.11,149.81,37.18,35.31,57.9,662,0.81,NORMAL
651.03,982.28,80.8,83.6,437.52,3013,3.91,HIGH_LOAD
71.31,228.7,35.81,24.76,38.02,634,0.32,NORMAL
64.93,206.1,34.93,41.85,37.12,570,0.38,NORMAL
66.21,298.75,39.87,36.48,53.64,517,0.43,NORMAL
99.05,121.49,37.08,34.38,59.49,597,0.62,NORMAL
73.61,264.31,27.74,50.65,51.79,581,0.62,NORMAL
353.11,408.49,64.3,53.39,221.48,1562,1.61,WARNING
644.66,778.45,88.93,95.65,491.96,2767,4.21,HIGH_LOAD
110.02,178.01,32.22,35.21,68.84,410,0.46,NORMAL
86.99,235.67,40.44,48.68,54.25,365,0.62,NORMAL
302.35,818.01,59.83,84.09,314.94,1391,1.32,WARNING
82.55,103.32,37.94,37.0,37.93,399,0.29,NORMAL
239.63,657.36,74.84,67.86,197.53,1702,1.05,WARNING
716.71,1366.61,98.11,82.15,507.4,2741,3.02,HIGH_LOAD
87.54,231.65,44.21,34.29,37.51,547,0.39,NORMAL
147.15,227.17,39.38,31.6,52.47,463,0.62,NORMAL
121.67,289.73,28.23,32.02,29.31,426,0.49,NORMAL
113.9,266.19,19.39,5.19,36.95,620,0.57,NORMAL
77.36,225.36,35.84,36.41,58.86,610,0.66,NORMAL
350.43,496.57,80.32,63.51,224.03,1388,1.17,WARNING
324.75,711.94,65.29,82.78,209.55,1513,0.96,WARNING
374.76,781.35,67.14,72.67,179.93,1661,1.52,WARNING
455.85,989.96,87.77,90.97,607.36,2486,3.61,HIGH_LOAD
90.4,236.61,31.28,43.67,42.11,486,0.1,NORMAL
121.6,235.42,15.52,18.01,56.6,449,0.3,NORMAL
122.44,138.64,43.11,37.78,32.8,488,0.63,NORMAL
133.2,272.19,29.54,42.43,46.38,535,0.25,NORMAL
650.55,1337.98,89.86,91.35,476.99,3353,4.08,HIGH_LOAD
330.38,870.14,66.97,77.09,195.51,1932,1.23,WARNING
85.18,186.16,29.86,24.09,58.47,436,0.7,NORMAL
99.49,221.27,25.48,15.76,26.24,576,0.66,NORMAL
298.79,678.73,59.29,67.37,179.84,2220,1.49,WARNING
135.63,185.94,32.08,19.58,46.29,431,0.3,NORMAL
119.78,290.6,36.23,35.07,43.33,527,0.34,NORMAL
635.79,1259.28,94.48,93.18,604.96,2732,4.55,HIGH_LOAD
108.03,230.93,51.83,36.3,53.07,396,0.39,NORMAL
122.59,148.86,47.28,44.36,50.57,512,0.62,NORMAL
121.82,121.91,28.89,49.33,63.1,313,0.32,NORMAL
400.09,363.54,75.79,69.61,191.37,1765,1.76,WARNING
653.29,1297.14,83.73,96.88,577.7,3200,2.95,HIGH_LOAD
94.17,113.01,35.44,36.29,61.58,215,0.73,NORMAL
107.49,122.21,29.13,48.07,31.31,610,0.36,NORMAL
94.55,178.59,30.77,27.17,64.94,450,0.19,NORMAL
258.08,654.4,70.21,78.47,261.13,1864,1.46,WARNING
729.87,1215.58,88.7,89.02,492.84,2981,4.08,HIGH_LOAD
97.38,206.97,19.65,38.1,56.73,441,0.5,NORMAL
645.25,888.03,94.99,75.52,708.84,2930,4.39,HIGH_LOAD
105.53,198.46,23.49,50.73,47.54,554,0.32,NORMAL
400.17,428.55,67.01,80.51,255.28,1856,1.76,WARNING
84.57,228.22,32.97,50.05,46.21,534,0.79,NORMAL
107.11,268.79,41.89,27.72,58.96,570,0.44,NORMAL
306.02,367.09,54.71,57.22,117.81,1234,2.12,WARNING
93.93,183.76,46.42,50.1,39.68,725,0.7,NORMAL
90.92,316.43,29.8,28.43,27.01,644,0.14,NORMAL
336.26,590.61,70.95,78.53,237.95,1584,1.54,WARNING
96.22,248.55,35.53,39.66,35.74,412,0.3,NORMAL
87.65,188.77,39.18,24.29,35.16,594,0.3,NORMAL
80.62,269.87,35.51,58.47,53.33,516,0.31,NORMAL
98.5,202.03,31.25,35.71,51.83,554,0.51,NORMAL
109.99,237.36,17.04,51.49,45.49,472,0.65,NORMAL
85.98,307.26,27.05,52.48,39.9,527,0.33,NORMAL
110.49,123.15,22.65,36.46,56.8,622,0.82,NORMAL
105.36,172.32,29.12,65.8,37.94,663,0.84,NORMAL
315.13,512.02,59.66,53.77,228.17,1169,1.22,WARNING
96.05,218.7,32.34,24.44,54.96,583,0.1,NORMAL
113.9,150.47,49.47,37.4,75.9,509,0.36,NORMAL
112.59,230.46,28.89,30.96,38.97,623,0.72,NORMAL
546.61,975.25,82.96,90.36,578.01,3037,4.48,HIGH_LOAD
311.27,400.32,66.34,68.48,235.41,1787,1.19,WARNING
101.74,241.82,37.08,31.52,25.98,715,0.27,NORMAL
100.63,216.08,30.82,39.01,63.79,470,0.55,NORMAL
274.64,607.58,62.64,58.12,182.35,1189,2.03,WARNING
308.52,403.22,64.75,78.18,269.51,1667,1.5,WARNING
92.57,55.59,20.08,45.08,50.81,319,0.37,NORMAL
105.87,274.54,17.9,46.0,72.96,621,0.46,NORMAL
88.73,200.78,25.89,36.33,39.4,530,0.37,NORMAL
527.13,1480.3,92.18,95.95,594.96,2257,1.46,HIGH_LOAD
97.43,243.93,39.89,34.93,32.43,620,0.44,NORMAL
115.24,209.17,24.23,14.09,41.81,539,0.2,NORMAL
80.12,258.41,29.69,20.4,80.91,380,0.49,NORMAL
82.74,252.0,16.28,23.86,72.07,479,0.37,NORMAL
220.04,641.48,60.93,69.12,246.07,1923,1.99,WARNING
339.97,620.48,65.32,62.47,223.0,1296,2.31,WARNING
104.74,234.01,25.45,31.98,69.48,401,0.23,NORMAL
123.16,275.07,41.86,47.19,64.94,424,0.22,NORMAL
105.62,272.78,20.74,46.42,68.37,441,0.51,NORMAL
389.96,305.05,70.38,80.73,181.75,1248,1.08,WARNING
111.59,132.97,31.48,35.16,45.03,521,0.47,NORMAL
345.65,710.23,63.33,72.83,187.57,1982,1.7,WARNING
248.06,721.9,70.03,73.26,201.52,1471,1.47,WARNING
111.56,330.08,42.38,40.21,54.63,670,0.55,NORMAL
136.23,187.48,36.24,43.29,63.5,437,0.6,NORMAL
99.61,219.73,27.91,31.49,41.29,558,0.83,NORMAL
274.27,531.87,53.9,72.78,272.74,1065,1.06,WARNING
517.97,671.76,98.63,88.0,522.47,3466,2.37,HIGH_LOAD
358.33,618.97,59.27,71.81,158.21,2164,1.38,WARNING
86.24,172.44,50.62,52.08,65.36,559,0.66,NORMAL
122.32,178.41,23.51,49.48,60.23,222,0.66,NORMAL
82.28,292.7,29.17,38.78,72.7,563,0.3,NORMAL
282.52,412.0,67.62,81.47,184.79,1859,0.73,WARNING
106.97,120.26,31.41,22.32,54.85,485,0.41,NORMAL
563.12,1261.71,92.01,89.04,639.05,2444,3.46,HIGH_LOAD
92.43,215.09,46.61,35.43,40.97,546,0.3,NORMAL
317.67,473.96,66.22,60.24,155.38,1606,1.41,WARNING
253.86,732.61,79.93,67.29,198.93,1275,0.53,WARNING
104.94,244.23,30.87,47.02,51.45,489,0.38,NORMAL
508.08,1189.31,93.97,83.73,529.36,2321,3.87,HIGH_LOAD
259.58,752.63,61.85,65.73,172.91,1689,1.32,WARNING
153.26,204.31,34.29,46.93,52.65,463,0.33,NORMAL
74.67,164.46,29.42,35.52,80.15,676,0.29,NORMAL
101.48,152.33,28.17,53.75,40.31,420,0.4,NORMAL
227.69,590.84,65.95,66.4,225.57,1595,1.49,WARNING
526.41,1544.53,89.1,100.0,529.88,2624,3.16,HIGH_LOAD
208.46,714.81,67.01,73.63,268.42,1856,1.71,WARNING
96.16,179.82,34.85,31.54,40.35,602,0.43,NORMAL
105.96,209.58,37.61,38.0,32.55,426,0.54,NORMAL
104.82,249.29,29.2,44.52,34.06,542,0.46,NORMAL
100.65,213.55,27.33,57.93,53.36,419,0.62,NORMAL
106.08,169.61,19.93,51.4,69.76,488,0.1,NORMAL
90.03,166.86,39.93,45.46,37.4,443,0.42,NORMAL
198.52,596.37,77.17,85.21,249.92,1370,1.66,WARNING
318.62,523.62,57.1,81.95,143.93,1379,1.71,WARNING
338.88,626.94,66.26,89.39,149.98,1296,1.71,WARNING
672.36,910.11,93.34,83.94,583.42,3136,4.02,HIGH_LOAD
103.0,195.47,41.07,38.8,17.41,584,0.39,NORMAL
288.91,733.3,69.22,65.65,237.53,1558,1.63,WARNING
89.46,184.84,33.67,58.38,46.65,465,0.5,NORMAL
67.87,245.12,37.79,50.5,37.04,542,0.68,NORMAL
104.29,211.92,28.96,38.31,51.05,616,0.31,NORMAL
105.3,273.7,36.42,46.53,90.31,318,0.36,NORMAL
282.4,711.32,63.63,79.53,280.61,1894,2.16,WARNING
80.69,273.95,30.3,37.43,13.96,542,0.53,NORMAL
112.22,198.15,23.77,41.95,38.86,367,0.38,NORMAL
95.6,189.75,9.32,44.52,31.4,410,0.37,NORMAL
100.14,205.75,26.91,32.48,54.79,634,0.12,NORMAL
522.08,1194.43,89.03,85.57,526.87,3051,1.77,HIGH_LOAD
353.81,676.31,57.92,54.86,109.84,1024,1.61,WARNING
346.06,475.16,59.58,71.45,169.26,1287,1.64,WARNING
55.82,167.5,27.89,30.13,48.03,507,0.46,NORMAL
722.64,1314.46,95.79,95.88,326.6,3103,4.11,HIGH_LOAD
112.73,105.91,18.56,41.09,49.5,479,0.47,NORMAL
60.81,292.01,37.33,48.55,69.31,547,0.67,NORMAL
85.09,213.02,40.01,33.29,70.89,474,0.56,NORMAL
418.07,903.96,86.53,80.82,617.12,3792,4.12,HIGH_LOAD
129.64,269.78,18.94,37.85,45.38,577,0.76,NORMAL
96.99,294.57,22.86,51.1,32.25,337,0.75,NORMAL
90.76,194.52,25.26,39.86,58.19,500,0.41,NORMAL
78.04,211.98,26.38,21.96,44.68,490,0.55,NORMAL
345.2,621.44,63.93,74.48,121.46,1161,1.02,WARNING
131.46,136.93,32.5,37.81,68.42,393,0.33,NORMAL
513.5,924.18,80.1,93.74,392.73,3119,5.16,HIGH_LOAD
105.84,198.49,38.99,59.61,66.91,455,0.24,NORMAL
88.65,180.42,32.54,44.68,66.29,509,0.56,NORMAL
86.69,212.76,38.73,38.75,32.41,498,0.58,NORMAL
120.92,356.89,20.94,33.46,41.07,637,0.1,NORMAL
123.88,193.24,26.63,44.15,72.38,616,0.46,NORMAL
120.07,247.38,36.56,41.95,49.72,461,0.72,NORMAL
279.5,519.66,57.53,81.45,173.42,1231,1.23,WARNING
117.13,237.71,37.25,45.16,40.38,543,0.66,NORMAL
329.23,353.96,69.5,62.33,210.59,1253,1.49,WARNING
67.35,159.15,22.08,36.92,21.6,521,0.5,NORMAL
291.04,730.94,65.83,68.39,164.52,1200,1.19,WARNING
537.01,828.22,94.15,89.03,473.55,1998,4.01,HIGH_LOAD
434.71,1856.25,96.02,85.73,533.5,3003,4.3,HIGH_LOAD
235.48,675.82,67.1,65.08,240.36,1207,1.69,WARNING
76.89,216.76,30.65,32.61,63.35,316,0.49,NORMAL
81.05,207.76,21.78,51.21,50.0,499,0.43,NORMAL
257.08,754.11,76.26,67.27,161.12,1718,1.3,WARNING
533.63,1025.17,94.25,89.31,539.05,2948,3.71,HIGH_LOAD
131.38,147.23,16.72,45.22,37.75,519,0.51,NORMAL
121.17,230.06,36.16,52.04,47.91,454,0.5,NORMAL
71.17,180.17,27.91,25.95,28.75,623,0.44,NORMAL
324.13,722.68,75.39,69.24,233.52,1178,0.88,WARNING
125.49,209.61,38.1,50.75,29.47,654,0.35,NORMAL
97.04,174.34,24.56,38.37,50.61,399,0.65,NORMAL
69.49,196.13,18.66,37.82,10.42,577,0.1,NORMAL
100.3,235.91,30.22,45.47,32.29,611,0.64,NORMAL
95.25,249.43,31.92,49.81,38.87,283,0.55,NORMAL
464.86,951.45,90.87,91.22,477.68,3744,2.22,HIGH_LOAD
85.14,226.85,22.03,56.71,48.39,430,0.49,NORMAL
101.03,227.88,17.4,33.84,44.37,468,0.76,NORMAL
106.51,231.93,26.3,27.02,73.67,382,0.67,NORMAL
95.26,304.48,39.87,39.24,45.2,515,0.33,NORMAL
100.76,242.08,35.85,40.04,25.61,447,0.54,NORMAL
87.65,229.43,7.88,55.33,28.64,473,0.41,NORMAL
604.8,1248.82,91.66,87.88,338.26,2641,3.63,HIGH_LOAD
100.83,190.45,34.26,40.19,40.38,548,0.86,NORMAL
127.85,230.92,41.75,42.32,31.95,499,0.81,NORMAL
95.85,213.29,17.5,46.05,63.23,454,0.41,NORMAL
99.61,132.79,25.13,32.04,55.08,424,0.19,NORMAL
219.84,733.89,46.33,80.08,165.77,1737,0.71,WARNING
264.5,368.96,59.02,54.74,201.63,1564,1.42,WARNING
139.67,246.08,46.17,41.04,36.52,366,0.46,NORMAL
281.96,545.07,30.29,74.09,133.72,1334,1.09,WARNING
108.88,146.45,3.96,41.99,56.55,540,0.75,NORMAL
252.39,703.54,69.23,71.09,252.63,1328,0.83,WARNING
48.83,223.13,19.13,29.14,60.19,385,0.63,NORMAL
78.75,272.99,18.02,48.64,58.69,453,0.27,NORMAL
213.99,810.24,65.85,61.92,158.48,1656,1.67,WARNING
441.15,507.24,93.96,94.85,580.34,3016,2.74,HIGH_LOAD
615.71,1349.32,92.67,94.44,467.93,3897,3.68,HIGH_LOAD
278.87,758.73,71.77,64.64,227.0,1110,1.01,WARNING
118.75,242.46,29.94,46.69,33.62,461,0.64,NORMAL
98.79,290.96,34.55,47.74,34.98,519,0.76,NORMAL
603.99,941.17,92.46,87.37,284.67,3548,3.12,HIGH_LOAD
107.53,203.49,38.1,33.51,61.58,611,0.89,NORMAL
87.2,276.69,19.71,26.47,27.16,611,0.37,NORMAL
85.93,227.05,39.32,58.13,40.14,456,0.47,NORMAL
292.33,639.04,76.17,84.48,182.01,1102,1.33,WARNING
89.86,167.86,13.32,26.72,51.16,651,0.38,NORMAL
134.03,149.8,15.03,33.5,48.75,355,0.32,NORMAL
304.38,824.79,68.96,69.17,209.28,1559,1.17,WARNING
124.96,154.12,38.11,28.52,62.28,653,0.28,NORMAL
95.7,202.19,32.77,56.64,60.87,413,0.84,NORMAL
94.88,149.02,35.72,39.38,66.87,466,0.61,NORMAL
513.56,1703.24,89.3,91.58,518.97,2197,3.15,HIGH_LOAD
90.15,213.17,47.5,53.81,30.62,568,0.4,NORMAL
107.18,280.75,35.68,33.01,36.94,670,0.44,NORMAL
119.94,138.12,35.0,44.72,51.14,574,0.6,NORMAL
307.72,342.33,82.12,68.15,169.02,1546,1.81,WARNING
105.7,234.65,33.04,47.22,46.54,645,0.23,NORMAL
219.23,496.44,44.64,75.38,209.21,1356,0.79,WARNING
100.08,186.01,25.07,54.44,31.15,581,0.44,NORMAL
110.85,149.61,19.61,41.36,52.47,430,0.57,NORMAL
77.66,227.36,59.49,52.45,29.73,367,0.6,NORMAL
77.09,129.97,16.37,47.08,50.14,606,0.1,NORMAL
601.43,860.73,94.61,92.41,542.01,3303,5.15,HIGH_LOAD
80.24,185.95,35.35,29.63,61.16,511,0.85,NORMAL
108.5,171.76,27.83,36.92,86.4,543,0.22,NORMAL
102.25,254.3,34.45,19.08,71.19,634,0.1,NORMAL
121.1,204.28,3.64,40.03,54.92,592,0.3,NORMAL
283.21,580.19,57.11,74.33,159.7,1358,0.99,WARNING
103.54,249.84,27.0,39.5,89.31,388,0.79,NORMAL
124.89,188.05,31.32,43.61,55.08,291,0.46,NORMAL
128.6,202.9,22.0,39.36,68.56,454,0.49,NORMAL
94.49,190.3,39.41,44.96,50.66,519,0.39,NORMAL
266.83,572.32,46.23,76.2,168.23,1143,1.25,WARNING
135.23,213.43,27.17,52.89,64.52,479,0.92,NORMAL
130.26,270.52,34.57,54.56,60.57,578,0.52,NORMAL
121.48,217.8,45.26,32.79,57.93,515,0.48,NORMAL
310.9,659.69,82.0,80.72,209.53,1782,1.09,WARNING
80.24,242.53,39.33,33.7,34.88,424,0.36,NORMAL
96.87,242.73,20.92,55.19,57.66,603,0.37,NORMAL
304.92,448.0,64.47,55.78,255.25,1254,1.26,WARNING
114.02,229.1,38.48,27.67,58.28,562,0.36,NORMAL
81.01,173.1,44.35,35.4,49.0,466,0.6,NORMAL
303.35,647.42,71.79,66.98,183.53,1719,1.63,WARNING
85.85,195.13,31.25,51.61,37.83,536,0.56,NORMAL
89.92,134.39,29.61,38.66,55.01,643,0.72,NORMAL
126.7,281.7,36.3,50.71,80.3,596,0.57,NORMAL
775.48,780.21,88.24,97.82,418.16,3766,3.9,HIGH_LOAD
579.35,1407.54,92.8,82.65,514.12,3559,3.94,HIGH_LOAD
131.95,200.18,49.54,34.94,34.12,648,0.89,NORMAL
234.42,540.34,73.68,74.04,148.9,1138,1.65,WARNING
391.0,669.49,61.65,73.42,277.71,1756,1.67,WARNING
501.97,1245.33,100.0,84.48,468.75,2172,3.93,HIGH_LOAD
115.31,162.09,25.34,38.49,48.89,454,0.54,NORMAL
633.19,931.33,94.0,92.14,465.89,2916,3.67,HIGH_LOAD
349.8,570.53,67.53,78.2,198.32,1636,1.29,WARNING
634.31,681.03,91.54,86.67,482.23,2670,2.94,HIGH_LOAD
95.38,167.51,27.44,37.59,49.07,547,0.67,NORMAL
79.7,181.03,22.39,36.18,41.3,636,0.27,NORMAL
106.64,215.06,29.69,31.52,58.6,321,0.43,NORMAL
76.69,105.71,30.18,25.74,61.72,415,0.5,NORMAL
280.31,722.12,63.83,63.64,286.94,1403,2.23,WARNING
279.29,855.4,73.06,82.24,206.84,1144,1.3,WARNING
98.51,153.78,42.47,39.38,64.27,463,0.16,NORMAL
90.17,138.34,33.45,42.62,31.17,464,1.04,NORMAL
113.21,158.14,44.77,28.32,53.25,390,0.38,NORMAL
108.84,182.5,25.7,43.8,47.14,506,0.59,NORMAL
250.2,672.58,57.82,67.69,258.99,1558,1.29,WARNING
265.88,803.1,58.23,66.39,226.95,1588,1.65,WARNING
113.78,166.61,9.13,34.15,49.53,409,0.31,NORMAL
98.61,296.96,38.9,55.91,46.91,495,0.26,NORMAL
459.9,560.83,87.37,96.94,461.5,3191,3.61,HIGH_LOAD
301.06,779.95,73.87,63.49,200.09,1516,1.3,WARNING
95.63,237.53,29.54,35.76,41.45,532,0.2,NORMAL
124.42,237.7,25.13,54.29,40.78,532,0.41,NORMAL
77.63,237.25,28.24,46.69,51.47,629,0.36,NORMAL
110.11,216.57,31.96,46.95,28.07,382,0.73,NORMAL
110.67,180.38,38.76,54.73,40.94,477,0.17,NORMAL
90.63,117.55,18.45,29.05,54.48,494,0.6,NORMAL
100.2,287.37,42.06,47.77,57.0,652,0.31,NORMAL
94.6,158.19,35.94,28.96,63.86,449,0.4,NORMAL
205.76,589.7,68.53,64.3,108.97,1581,0.74,WARNING
75.82,242.61,27.62,41.23,34.87,472,0.64,NORMAL
725.15,911.99,91.32,96.36,573.25,3144,2.18,HIGH_LOAD
109.33,207.45,35.06,41.77,36.32,397,0.48,NORMAL
266.03,413.74,65.72,67.88,152.4,1523,1.6,WARNING
98.68,123.97,34.51,35.69,47.81,512,0.44,NORMAL
288.3,798.87,69.86,54.53,254.13,1358,1.46,WARNING
123.07,261.69,24.81,29.22,40.45,493,0.33,NORMAL
98.71,180.57,42.0,35.37,43.83,615,0.13,NORMAL
633.61,1248.17,99.79,89.87,448.62,2426,3.25,HIGH_LOAD
101.07,207.85,26.57,41.7,35.56,479,0.62,NORMAL
289.18,365.8,58.7,48.15,257.19,1620,1.67,WARNING
127.6,210.22,27.11,32.16,76.02,414,0.39,NORMAL
92.46,200.71,26.5,28.0,45.62,515,0.7,NORMAL
221.18,844.78,67.25,76.93,136.53,2010,1.58,WARNING
381.32,565.18,59.97,67.01,213.7,1545,2.0,WARNING
123.29,207.18,28.14,43.1,49.15,621,0.11,NORMAL
95.49,267.33,29.14,55.08,39.62,630,0.26,NORMAL
90.51,228.62,46.49,50.71,39.06,536,0.24,NORMAL
55.04,157.98,42.61,36.72,44.92,649,0.4,NORMAL
95.51,182.1,40.49,56.55,42.75,438,0.6,NORMAL
540.61,1145.27,89.47,90.42,448.0,2820,3.43,HIGH_LOAD
301.55,666.45,64.11,69.62,113.44,1948,1.52,WARNING
79.61,260.51,39.34,37.58,61.7,436,0.51,NORMAL
286.55,544.62,57.92,62.88,194.47,1231,1.84,WARNING
113.55,233.66,22.25,39.89,40.14,306,0.36,NORMAL
52.59,165.27,43.29,43.13,40.9,545,0.41,NORMAL
133.96,226.17,21.35,55.68,37.11,552,0.27,NORMAL
567.44,1354.69,84.99,86.24,353.32,2749,4.28,HIGH_LOAD
281.23,543.49,76.82,74.82,165.21,1920,1.04,WARNING
579.37,1014.71,94.46,99.15,459.03,3356,5.33,HIGH_LOAD
63.28,273.48,22.16,51.45,53.15,592,0.61,NORMAL
105.91,222.56,20.48,33.23,38.41,583,0.68,NORMAL
118.03,245.9,46.88,56.23,63.76,327,0.87,NORMAL
84.68,150.61,19.5,47.57,70.56,569,0.56,NORMAL
285.69,572.16,43.85,67.91,226.67,1404,1.49,WARNING
93.57,137.25,19.29,59.11,30.79,518,0.7,NORMAL
762.22,1388.51,99.76,86.13,500.05,3098,2.86,HIGH_LOAD
95.21,214.91,34.41,32.67,53.43,314,0.62,NORMAL
359.11,781.89,76.61,68.84,212.63,1695,1.04,WARNING
134.7,181.1,20.95,51.73,59.98,694,0.32,NORMAL
84.8,135.12,32.87,55.35,40.15,462,0.56,NORMAL
84.84,201.5,41.7,41.34,51.19,555,0.33,NORMAL
128.36,198.42,14.11,26.11,41.07,471,0.38,NORMAL
105.49,152.72,42.77,43.38,31.89,392,0.84,NORMAL
260.39,755.36,61.01,60.83,216.33,2019,1.78,WARNING
681.97,895.57,98.81,90.0,381.81,3224,5.17,HIGH_LOAD
285.2,777.07,62.6,95.55,167.89,1244,1.53,WARNING
145.57,241.74,41.04,44.75,49.96,441,0.28,NORMAL
116.73,174.04,32.39,43.45,69.3,419,0.77,NORMAL
143.28,261.5,35.03,57.96,60.59,475,0.29,NORMAL
371.29,586.79,59.21,47.44,141.08,1565,1.11,WARNING
106.77,115.63,30.79,18.71,56.87,402,0.27,NORMAL
95.73,208.63,39.6,55.83,33.23,699,0.34,NORMAL
651.09,892.79,89.61,84.02,645.09,3903,2.15,HIGH_LOAD
77.65,249.79,26.41,31.6,60.15,508,0.36,NORMAL
105.1,206.95,41.06,34.36,37.76,507,0.67,NORMAL
84.59,260.12,25.6,37.78,32.76,424,0.53,NORMAL
106.34,195.06,52.71,35.96,57.37,556,0.54,NORMAL
111.19,209.34,21.86,38.99,42.61,763,0.61,NORMAL
109.45,192.65,23.25,35.97,79.87,416,0.39,NORMAL
95.31,257.07,38.07,37.07,28.26,532,0.74,NORMAL
88.81,195.1,34.44,51.01,57.0,634,0.6,NORMAL
73.12,122.78,35.05,51.03,79.03,640,0.61,NORMAL
306.61,411.73,63.88,61.95,180.62,1375,1.31,WARNING
105.72,163.62,5.02,16.24,44.92,480,0.54,NORMAL
100.19,133.16,46.96,58.97,52.35,602,0.54,NORMAL
275.6,549.93,73.21,53.62,205.98,1595,1.55,WARNING
79.75,196.79,41.54,53.86,45.47,239,0.43,NORMAL
102.21,231.04,35.07,30.84,67.01,360,0.39,NORMAL
120.8,168.63,38.16,39.52,47.25,464,0.74,NORMAL
650.27,1020.77,88.26,87.52,559.56,2236,2.14,HIGH_LOAD
353.9,663.66,82.12,52.52,221.74,1642,1.18,WARNING
55.8,149.95,41.04,41.57,50.09,539,0.33,NORMAL
94.33,147.43,24.18,28.26,47.03,706,0.13,NORMAL
76.39,260.23,32.64,65.7,29.63,360,0.57,NORMAL
87.52,273.33,38.79,29.23,70.65,531,0.64,NORMAL
92.04,199.91,23.88,58.1,27.89,315,0.52,NORMAL
95.44,162.16,36.41,41.23,48.3,370,0.55,NORMAL
111.59,262.65,4.89,39.62,50.75,593,0.54,NORMAL
107.83,168.09,33.21,41.94,30.95,528,0.33,NORMAL
110.45,125.54,11.65,24.44,77.94,427,0.54,NORMAL
101.88,126.03,42.4,36.04,66.03,560,0.96,NORMAL
323.98,528.92,66.99,76.49,181.8,1417,1.68,WARNING
563.42,1524.6,100.0,90.0,578.21,2604,2.88,HIGH_LOAD
111.19,195.23,31.88,50.04,39.49,576,0.71,NORMAL
108.34,202.35,41.95,48.95,29.41,535,0.1,NORMAL
125.81,205.47,37.64,34.99,28.73,416,0.37,NORMAL
101.52,222.89,34.22,42.67,44.91,537,0.48,NORMAL
99.54,181.13,22.71,37.08,43.19,599,0.38,NORMAL
671.73,1309.24,92.04,92.75,544.48,2587,3.62,HIGH_LOAD
144.41,193.56,30.09,29.54,50.44,598,0.38,NORMAL
317.03,730.85,72.31,75.9,192.89,1601,1.91,WARNING
327.67,650.83,61.33,67.96,290.33,1394,1.92,WARNING
93.32,192.41,36.03,31.49,87.28,526,0.76,NORMAL
270.35,654.21,68.15,74.73,246.87,1206,2.06,WARNING
112.16,158.15,39.33,37.77,65.98,645,0.32,NORMAL
699.65,1181.72,86.35,84.89,469.7,3011,3.29,HIGH_LOAD
104.43,315.4,32.81,18.67,65.19,484,1.15,NORMAL
104.3,225.51,24.38,24.47,76.19,639,0.42,NORMAL
275.76,621.76,53.0,46.84,242.9,1251,0.69,WARNING
99.94,223.94,30.21,37.72,59.3,359,0.42,NORMAL
113.59,208.92,33.22,41.68,35.07,481,0.1,NORMAL
129.11,295.22,38.07,38.94,43.19,442,0.72,NORMAL
87.89,241.16,32.77,39.78,54.83,498,0.34,NORMAL
105.77,146.81,24.37,25.79,42.24,447,0.71,NORMAL
84.2,195.7,12.29,44.72,22.53,377,0.1,NORMAL
78.87,155.44,19.41,30.79,42.61,461,0.56,NORMAL
106.39,187.97,31.81,53.03,58.79,458,0.55,NORMAL
131.4,246.64,30.69,33.61,36.64,414,0.21,NORMAL
55.33,240.54,21.07,45.14,50.52,303,0.63,NORMAL
308.17,579.88,53.04,67.79,162.89,1348,1.46,WARNING
108.24,209.13,26.02,28.16,44.0,526,0.49,NORMAL
359.86,412.59,50.24,66.2,183.45,1583,1.84,WARNING
244.6,553.45,55.3,66.02,261.88,1613,1.11,WARNING
84.37,175.63,19.75,51.83,75.11,401,0.78,NORMAL
110.67,192.44,24.75,44.94,69.44,389,0.43,NORMAL
269.79,670.94,51.17,64.64,186.8,1181,1.48,WARNING
95.73,207.89,33.2,56.54,52.1,599,0.22,NORMAL
95.08,230.91,35.96,53.26,40.21,538,0.47,NORMAL
750.95,932.9,82.34,89.02,530.17,3087,2.02,HIGH_LOAD
542.41,1037.66,75.5,93.49,474.7,3756,3.82,HIGH_LOAD
121.34,218.98,26.07,50.02,70.9,571,0.59,NORMAL
97.51,143.23,24.31,34.46,79.1,425,0.76,NORMAL
324.4,586.22,50.85,72.19,250.47,1246,0.9,WARNING
511.58,889.23,77.06,90.3,594.95,2493,4.18,HIGH_LOAD
97.07,276.4,39.6,44.62,32.31,517,0.63,NORMAL
206.98,353.16,73.64,64.29,209.83,1802,1.28,WARNING
130.11,136.05,25.88,49.13,58.06,542,0.44,NORMAL
106.29,220.53,48.38,28.32,57.81,563,0.12,NORMAL
117.61,105.52,30.49,47.69,40.88,536,0.56,NORMAL
77.0,136.28,33.47,54.58,27.56,507,0.52,NORMAL
318.98,287.69,78.63,86.41,357.6,1162,1.6,WARNING
89.56,222.18,35.07,38.73,37.61,423,0.89,NORMAL
65.96,218.03,9.35,40.28,18.83,467,0.83,NORMAL
147.82,164.25,33.77,39.0,26.07,423,0.47,NORMAL
87.8,234.81,20.15,41.99,48.81,442,0.4,NORMAL
98.78,186.18,24.48,56.85,77.66,376,0.28,NORMAL
83.68,58.05,45.99,48.02,62.93,358,0.27,NORMAL
251.82,484.44,53.45,78.74,198.48,1778,2.38,WARNING
476.99,1254.38,93.5,100.0,489.57,3196,2.91,HIGH_LOAD
306.21,649.34,72.1,72.21,149.49,1349,2.07,WARNING
684.03,1289.17,85.25,91.59,400.83,2683,3.65,HIGH_LOAD
254.29,586.05,59.24,68.37,280.99,1668,0.97,WARNING
95.08,104.42,26.12,36.94,59.5,430,0.84,NORMAL
98.82,189.69,24.95,40.8,50.98,507,0.33,NORMAL
338.02,445.21,54.01,84.21,194.33,1566,1.99,WARNING
332.47,781.82,73.11,68.38,168.76,1205,1.06,WARNING
90.14,123.48,28.0,42.32,67.19,422,0.81,NORMAL
83.19,142.09,37.5,38.55,45.19,372,0.48,NORMAL
66.37,289.94,39.58,42.08,54.62,390,0.32,NORMAL
306.81,609.99,38.79,67.18,204.92,1546,1.48,WARNING
328.68,410.78,93.09,98.19,538.13,3155,2.28,HIGH_LOAD
84.68,211.15,29.65,18.01,69.79,475,0.56,NORMAL
125.25,239.69,30.13,44.8,45.97,316,0.41,NORMAL
92.14,222.99,22.79,38.47,72.62,440,0.4,NORMAL
96.5,174.54,29.91,43.07,77.2,465,0.56,NORMAL
98.04,114.59,18.92,26.91,79.02,484,0.69,NORMAL
152.75,145.49,40.97,24.34,5.0,557,0.55,NORMAL
86.48,114.76,14.28,32.06,52.24,479,0.27,NORMAL
101.48,227.92,27.44,34.62,61.97,314,0.51,NORMAL
93.22,141.2,13.57,50.92,63.55,698,0.96,NORMAL
566.46,1325.91,89.97,95.89,362.66,3259,5.0,HIGH_LOAD
125.73,195.76,23.9,36.04,33.04,414,0.12,NORMAL
375.51,368.53,46.58,78.92,170.51,1709,1.51,WARNING
41.91,281.58,35.91,40.72,57.07,605,0.54,NORMAL
112.44,185.41,29.08,31.12,64.96,471,0.65,NORMAL
411.25,727.97,87.02,99.75,527.11,3469,2.78,HIGH_LOAD
75.58,218.2,9.78,38.99,41.02,403,0.49,NORMAL
105.79,213.11,30.46,47.79,33.34,575,0.81,NORMAL
87.8,189.58,45.09,46.06,57.63,456,0.2,NORMAL
88.67,162.73,18.8,48.14,82.79,461,0.36,NORMAL
86.41,236.6,20.26,47.03,30.39,340,0.37,NORMAL
77.26,269.73,21.07,55.33,50.49,510,0.52,NORMAL
79.1,146.17,31.54,36.63,49.7,489,0.74,NORMAL
346.85,762.59,59.11,65.34,110.6,1779,1.94,WARNING
760.41,1104.79,92.37,86.77,333.89,3251,1.85,HIGH_LOAD
103.4,200.87,39.55,43.24,84.17,303,0.48,NORMAL
73.12,183.8,27.51,23.27,56.06,571,0.55,NORMAL
279.49,857.76,67.84,80.35,222.28,2057,1.89,WARNING
50.15,206.77,23.28,42.23,23.87,445,0.28,NORMAL
274.98,733.32,69.39,70.79,252.7,1209,1.47,WARNING
318.06,385.1,58.33,71.98,169.63,1378,1.23,WARNING
712.22,780.85,91.85,86.88,533.84,2548,4.26,HIGH_LOAD
722.21,1521.58,85.5,85.18,608.01,3471,3.89,HIGH_LOAD
317.61,544.06,56.28,64.58,196.42,1824,1.32,WARNING
136.97,102.52,19.42,15.02,53.01,560,0.55,NORMAL
98.64,150.44,32.3,18.09,44.97,612,0.75,NORMAL
118.41,88.48,33.5,31.56,51.54,451,0.14,NORMAL
119.92,189.37,35.29,35.34,27.31,531,0.18,NORMAL
123.58,175.12,21.22,41.0,57.21,649,0.4,NORMAL
102.48,254.73,23.74,40.96,41.1,446,0.7,NORMAL
65.83,142.18,41.89,58.49,62.65,616,0.38,NORMAL
107.66,235.36,21.95,28.54,56.99,686,0.75,NORMAL
348.96,642.87,60.39,77.57,130.28,1816,1.02,WARNING
273.31,600.58,58.46,78.64,199.41,1361,1.35,WARNING
762.22,1703.21,91.98,85.21,441.07,2770,4.19,HIGH_LOAD
274.61,730.28,46.41,72.29,197.76,1190,1.08,WARNING
60.89,196.52,27.86,43.79,60.36,526,0.63,NORMAL
253.6,428.47,59.09,64.27,186.18,1907,1.36,WARNING
110.83,257.21,25.12,50.74,57.45,707,0.74,NORMAL
348.63,436.37,63.89,82.18,212.73,1827,1.98,WARNING
339.72,891.78,67.17,66.97,189.06,1729,1.08,WARNING
121.38,193.63,22.27,41.32,48.28,411,0.67,NORMAL
576.23,1109.86,96.97,94.2,587.28,2516,3.44,HIGH_LOAD
313.91,563.36,61.95,76.99,139.17,1988,0.86,WARNING
321.71,555.12,73.52,57.71,272.61,1504,1.26,WARNING
91.02,140.66,41.65,37.46,40.06,502,0.52,NORMAL
570.16,1435.2,87.17,94.16,520.95,2507,3.5,HIGH_LOAD
388.8,570.45,60.39,62.3,227.37,1909,0.95,WARNING
87.78,265.51,29.92,41.58,45.84,629,0.58,NORMAL
772.99,937.28,82.61,84.18,683.16,2633,2.96,HIGH_LOAD
122.97,58.12,44.42,34.88,50.84,469,0.73,NORMAL
133.1,132.2,24.13,56.67,43.83,567,0.39,NORMAL
108.29,241.89,40.96,44.25,26.83,446,0.58,NORMAL
71.06,338.44,29.41,25.35,69.72,499,0.54,NORMAL
540.65,1189.63,88.87,96.95,563.73,3808,2.39,HIGH_LOAD
105.64,146.25,28.27,43.67,48.0,721,0.61,NORMAL
102.49,176.43,32.46,31.98,72.23,471,0.39,NORMAL
103.95,153.82,34.01,45.59,10.67,376,0.69,NORMAL
620.29,1531.75,92.4,84.72,582.28,2518,4.05,HIGH_LOAD
241.3,502.17,57.11,78.98,256.51,1297,1.2,WARNING
67.9,190.09,29.17,42.43,64.27,552,0.46,NORMAL
275.8,540.23,66.24,55.04,247.97,1885,1.25,WARNING
724.33,1377.76,97.03,87.58,595.53,2980,3.01,HIGH_LOAD
276.84,605.64,72.69,71.26,141.12,2061,1.89,WARNING
572.65,248.87,95.04,92.59,502.62,2848,3.44,HIGH_LOAD
100.7,206.74,49.97,39.12,73.83,540,0.31,NORMAL
294.07,674.37,57.09,70.34,131.75,1710,1.71,WARNING
290.03,1150.46,90.64,87.23,538.21,3999,5.12,HIGH_LOAD
517.35,1584.28,88.82,87.97,446.52,3147,2.3,HIGH_LOAD
333.06,570.0,52.35,77.81,151.68,1578,1.91,WARNING
79.42,200.97,40.29,47.97,50.23,402,0.63,NORMAL
121.57,183.04,26.72,7.25,37.73,620,0.49,NORMAL
123.34,191.49,57.55,36.94,60.96,434,0.1,NORMAL
82.31,307.48,24.79,21.08,44.21,494,0.47,NORMAL
136.67,120.21,35.07,39.43,29.07,429,0.45,NORMAL
333.11,391.67,55.7,69.43,183.18,1297,1.96,WARNING
315.0,558.07,68.07,67.52,266.02,1237,1.75,WARNING
99.42,250.33,16.71,46.8,47.02,329,0.57,NORMAL
728.21,1227.89,94.34,84.07,558.79,3309,1.97,HIGH_LOAD
83.31,209.34,15.51,42.48,74.02,480,0.32,NORMAL
329.46,982.35,43.22,64.71,171.91,1643,0.45,WARNING
305.51,558.6,71.17,63.63,202.85,1296,1.67,WARNING
105.37,198.18,23.13,26.49,48.86,331,0.54,NORMAL
89.32,177.34,31.51,40.45,68.86,759,0.73,NORMAL
90.13,268.7,16.6,44.32,39.78,596,0.7,NORMAL
308.58,630.15,68.91,65.33,168.69,1372,1.7,WARNING
91.55,193.8,32.27,46.36,37.67,378,0.39,NORMAL
94.92,131.17,20.33,52.09,40.08,456,0.58,NORMAL
70.99,158.82,36.45,49.28,42.55,384,0.55,NORMAL
126.64,221.05,11.39,41.13,62.85,457,0.27,NORMAL
350.08,524.81,81.64,73.05,229.37,1924,1.68,WARNING
296.25,921.76,56.42,64.98,149.64,1484,1.4,WARNING
344.73,389.99,60.4,75.43,200.16,1868,1.89,WARNING
144.11,224.45,41.99,27.41,61.81,602,0.42,NORMAL
90.87,253.0,37.9,49.7,54.9,361,0.46,NORMAL
486.57,1102.02,89.24,92.62,487.2,3400,3.19,HIGH_LOAD
116.62,195.95,20.61,51.19,45.58,645,0.81,NORMAL
58.55,302.15,20.48,44.39,16.33,448,0.73,NORMAL
105.8,203.47,32.87,38.53,58.47,663,0.46,NORMAL
450.74,646.9,71.27,63.31,188.77,1236,0.54,WARNING
135.65,183.5,38.08,31.52,43.64,454,0.14,NORMAL
126.89,202.86,42.93,36.89,68.42,482,0.43,NORMAL
314.24,906.33,65.09,67.62,203.83,1346,0.66,WARNING
552.58,652.14,90.95,82.03,478.97,1764,2.16,HIGH_LOAD
120.95,226.92,42.88,40.15,31.46,625,0.65,NORMAL
623.25,1474.97,94.51,87.65,502.99,2871,2.21,HIGH_LOAD
402.86,760.66,69.99,53.08,191.48,1256,1.83,WARNING
598.53,1133.51,80.99,86.68,309.37,3214,4.17,HIGH_LOAD
628.59,1072.83,83.92,84.39,570.94,3009,3.39,HIGH_LOAD
472.96,1291.93,87.81,80.49,375.01,3071,3.68,HIGH_LOAD
100.06,205.04,18.21,37.8,59.14,344,0.54,NORMAL
754.37,1225.93,90.43,98.71,705.45,2133,3.68,HIGH_LOAD
91.52,164.71,29.83,45.05,51.27,428,0.14,NORMAL
645.21,1293.93,83.95,87.5,489.73,2361,2.84,HIGH_LOAD
102.6,203.91,22.33,40.68,65.43,550,0.55,NORMAL
301.62,950.87,73.06,70.75,148.75,1574,1.1,WARNING
93.32,170.53,29.6,25.96,47.99,551,0.83,NORMAL
263.26,592.43,48.43,66.75,153.14,1304,1.74,WARNING
83.41,222.68,31.5,40.98,56.54,584,0.58,NORMAL
111.65,178.76,25.49,35.55,41.63,563,0.38,NORMAL
352.9,648.84,74.08,71.23,193.79,1436,1.8,WARNING
75.56,141.62,34.2,39.61,23.68,511,0.33,NORMAL
100.18,248.68,32.73,19.25,48.62,501,0.66,NORMAL
80.16,96.98,24.46,28.51,53.84,636,0.3,NORMAL
121.82,218.38,28.75,40.16,53.28,455,0.46,NORMAL
119.84,188.6,31.79,42.54,40.67,419,0.1,NORMAL
128.78,174.49,40.29,36.63,37.3,592,0.43,NORMAL
700.01,1417.31,100.0,81.45,622.98,3052,4.61,HIGH_LOAD
101.22,140.05,33.6,45.04,54.36,449,0.4,NORMAL
88.51,222.19,33.35,35.94,11.8,632,0.53,NORMAL
276.34,910.23,83.08,75.06,147.2,1422,1.62,WARNING
333.82,595.99,62.31,62.04,208.39,1974,1.38,WARNING
745.63,1038.43,87.0,82.21,581.94,3211,2.73,HIGH_LOAD
69.46,101.27,24.97,31.84,43.99,561,0.15,NORMAL
262.55,517.81,67.72,74.17,259.55,1254,1.94,WARNING
107.22,225.73,39.68,43.61,25.83,711,0.58,NORMAL
92.46,232.95,15.3,27.37,38.36,507,0.37,NORMAL
313.85,689.75,78.57,78.23,261.22,1836,1.29,WARNING
213.75,713.82,50.04,60.82,266.14,1449,1.53,WARNING
338.22,374.93,55.2,72.84,212.88,1253,1.43,WARNING
93.07,186.98,27.28,52.34,37.92,518,0.37,NORMAL
581.98,1252.55,96.86,85.08,454.87,3327,3.57,HIGH_LOAD
503.47,675.93,90.99,89.95,448.22,3108,3.88,HIGH_LOAD
124.51,245.59,28.17,29.94,35.36,470,0.44,NORMAL
533.11,1031.6,88.26,93.85,394.62,3213,2.14,HIGH_LOAD
313.04,770.47,64.75,68.41,175.65,1686,0.1,WARNING
508.75,928.52,90.84,95.81,446.04,3447,2.19,HIGH_LOAD
87.43,78.79,27.07,33.1,50.63,476,0.43,NORMAL
235.26,589.82,60.11,85.89,137.89,1162,1.06,WARNING
96.86,232.98,48.53,44.46,50.29,447,0.61,NORMAL
78.54,91.1,38.42,40.23,70.27,348,0.23,NORMAL
121.84,203.11,15.24,44.57,46.24,437,0.54,NORMAL
83.75,200.31,18.12,36.03,58.02,509,0.33,NORMAL
345.44,731.73,60.92,56.66,185.81,1676,1.23,WARNING
84.59,140.48,26.18,20.24,41.45,382,0.51,NORMAL
96.59,220.93,5.94,25.43,43.68,368,0.66,NORMAL
107.19,172.95,33.42,39.4,40.97,436,0.33,NORMAL
104.3,194.92,37.67,46.8,47.93,699,0.73,NORMAL
275.89,569.48,74.76,83.99,168.57,1416,1.09,WARNING
402.08,1316.8,88.66,89.94,658.73,3478,3.03,HIGH_LOAD
116.52,281.84,45.15,43.82,44.4,449,0.47,NORMAL
112.39,226.44,8.69,51.84,65.54,504,0.62,NORMAL
294.16,912.4,57.89,66.16,179.45,1806,1.35,WARNING
87.48,225.59,31.45,52.08,16.31,658,0.42,NORMAL
112.37,73.41,31.65,26.18,42.75,584,0.29,NORMAL
84.26,178.99,22.16,57.99,62.88,474,0.63,NORMAL
102.21,166.92,35.05,46.27,31.41,349,0.35,NORMAL
87.58,189.02,38.62,40.19,29.16,461,0.61,NORMAL
267.77,546.95,78.16,72.1,191.98,2250,1.08,WARNING
332.37,854.74,48.72,56.64,306.78,1346,1.79,WARNING
184.28,695.8,60.08,83.28,151.36,1621,1.43,WARNING
352.74,631.49,64.64,77.71,202.44,948,0.25,WARNING
94.73,150.09,30.31,46.9,66.32,569,0.55,NORMAL
75.65,200.35,29.91,35.22,33.16,697,0.28,NORMAL
83.94,163.8,49.0,50.23,74.65,539,0.73,NORMAL
143.77,183.01,27.66,24.8,64.22,522,0.6,NORMAL
82.31,194.82,34.09,37.23,51.7,545,0.46,NORMAL
109.72,203.84,26.75,56.2,40.73,483,0.65,NORMAL
461.56,433.94,93.3,98.83,603.86,3046,3.09,HIGH_LOAD
81.27,197.49,18.16,39.15,52.61,699,0.41,NORMAL
237.5,729.72,68.28,79.52,159.46,1610,1.2,WARNING
695.34,1104.15,94.13,88.52,353.8,3666,3.97,HIGH_LOAD
327.14,835.23,36.67,83.59,238.03,977,1.26,WARNING
353.61,558.81,75.12,53.18,185.22,1468,0.85,WARNING
343.66,384.56,64.45,60.78,200.37,1056,1.3,WARNING
263.63,776.99,72.26,71.63,237.27,1511,0.54,WARNING
141.4,175.07,16.81,40.2,52.69,634,0.57,NORMAL
585.11,685.06,92.54,90.28,387.92,2711,2.91,HIGH_LOAD
231.42,442.93,52.32,68.32,203.42,976,1.63,WARNING
105.71,191.89,31.4,34.57,44.35,562,0.44,NORMAL
99.49,214.94,30.58,33.96,44.85,291,0.69,NORMAL
364.01,579.97,62.36,51.97,213.36,1538,1.36,WARNING
307.18,858.32,69.5,67.38,227.8,928,1.33,WARNING
111.35,205.09,19.66,36.8,13.92,363,0.28,NORMAL
106.67,270.6,40.23,38.1,41.39,471,0.62,NORMAL
75.09,224.51,35.23,70.9,54.2,511,0.49,NORMAL
115.1,132.2,29.82,30.24,49.32,376,0.78,NORMAL
66.87,170.67,24.88,49.67,39.86,309,0.55,NORMAL
581.41,712.99,90.54,88.41,562.64,2960,3.66,HIGH_LOAD
92.19,129.46,31.83,34.25,40.75,421,0.62,NORMAL
636.41,1829.47,90.15,93.49,376.75,2657,3.87,HIGH_LOAD
759.84,1755.32,85.72,100.0,260.92,2835,2.14,HIGH_LOAD
573.83,1005.19,88.58,89.47,809.83,2870,3.91,HIGH_LOAD
637.88,1162.64,93.48,99.56,282.62,2966,4.45,HIGH_LOAD
53.24,234.21,41.03,54.42,53.28,415,0.1,NORMAL
97.17,293.06,21.57,58.34,58.98,435,0.44,NORMAL
81.07,241.03,31.61,53.62,46.45,488,0.28,NORMAL
113.45,127.17,47.71,22.82,31.96,566,0.28,NORMAL
137.32,171.73,37.21,34.55,93.91,400,0.32,NORMAL
82.19,160.56,36.28,30.93,73.58,409,0.1,NORMAL
94.77,170.01,42.43,52.28,44.98,320,0.39,NORMAL
96.83,132.0,32.18,32.5,36.1,533,0.32,NORMAL
361.39,808.87,48.82,73.81,159.13,1596,0.54,WARNING
119.63,235.66,32.75,26.09,42.76,485,0.16,NORMAL
95.43,254.08,16.01,24.8,56.76,600,0.19,NORMAL
175.11,572.44,68.13,90.92,198.23,903,1.23,WARNING
78.04,220.3,46.71,30.99,57.59,491,0.75,NORMAL
66.95,225.29,19.6,50.89,53.14,460,0.6,NORMAL
399.54,625.0,71.44,70.82,112.38,1241,1.77,WARNING
312.69,576.32,56.03,64.33,242.29,1723,1.23,WARNING
89.28,311.57,46.73,44.42,68.41,341,0.75,NORMAL
282.51,745.71,62.97,67.08,179.81,1871,1.5,WARNING
113.53,240.48,13.33,25.05,52.05,502,0.36,NORMAL
312.85,398.99,66.18,87.34,151.24,2162,1.26,WARNING
95.66,170.39,43.68,41.26,62.77,622,0.57,NORMAL
97.83,222.66,26.22,28.35,52.1,529,0.26,NORMAL
311.66,514.63,55.02,86.23,299.57,1617,2.14,WARNING
109.97,185.75,37.54,49.39,31.65,530,0.25,NORMAL
332.01,517.8,69.68,58.3,144.3,1310,1.12,WARNING
456.46,846.74,87.1,80.46,445.16,3549,3.35,HIGH_LOAD
311.31,659.88,86.79,71.94,192.63,1789,1.6,WARNING
67.29,197.82,39.68,38.89,45.63,444,0.53,NORMAL
91.71,203.47,13.66,35.75,57.54,410,0.21,NORMAL
85.71,186.06,31.53,45.89,60.93,582,0.69,NORMAL
402.66,470.84,66.1,65.84,200.1,1959,0.96,WARNING
337.53,864.91,68.9,81.84,165.4,1798,1.56,WARNING
155.72,186.35,30.49,47.22,44.52,738,0.54,NORMAL
243.74,474.84,54.06,66.59,226.73,1698,1.56,WARNING
386.85,648.03,52.22,61.05,133.17,1900,2.12,WARNING
74.06,201.69,23.43,32.34,48.58,486,0.65,NORMAL
630.29,1226.24,89.19,85.64,507.22,3369,2.59,HIGH_LOAD
114.12,225.5,32.28,46.25,33.48,518,0.35,NORMAL
85.47,136.74,53.38,31.39,58.01,427,0.71,NORMAL
84.76,223.11,33.85,24.65,43.2,415,0.68,NORMAL
75.35,127.25,45.3,32.22,67.58,649,0.34,NORMAL
100.65,201.42,48.17,29.96,62.52,382,0.25,NORMAL
100.43,188.99,25.16,39.54,49.75,568,0.62,NORMAL
126.55,175.55,52.09,36.37,28.51,629,0.67,NORMAL
87.69,121.77,37.25,44.48,47.62,408,0.52,NORMAL
61.21,235.56,38.9,26.85,23.41,463,0.84,NORMAL
61.55,139.49,26.19,26.8,55.06,473,0.47,NORMAL
253.46,797.34,80.27,71.95,252.65,1281,1.46,WARNING
292.76,743.63,64.77,82.79,254.15,1177,1.23,WARNING
64.08,136.81,14.17,34.9,44.34,352,0.7,NORMAL
72.59,206.46,52.92,58.67,32.57,658,0.42,NORMAL
143.19,145.7,11.39,34.96,58.41,339,0.31,NORMAL
93.8,293.99,27.34,53.7,67.99,496,0.48,NORMAL
103.86,252.19,39.65,32.75,36.87,454,0.76,NORMAL
99.57,153.04,23.69,40.53,38.66,536,0.46,NORMAL
257.36,658.97,70.62,76.59,177.68,1611,1.7,WARNING
279.77,645.28,48.06,80.07,171.52,1392,2.56,WARNING
55.42,217.19,25.98,47.59,54.0,461,0.28,NORMAL
250.58,745.32,63.42,73.08,169.98,1541,1.53,WARNING
286.06,588.33,67.64,62.26,180.68,2217,1.19,WARNING
554.39,1505.68,83.95,90.28,511.35,3092,4.24,HIGH_LOAD
113.31,271.52,19.79,36.81,28.16,566,0.63,NORMAL
288.56,512.13,53.09,76.79,153.54,1159,1.36,WARNING
117.62,206.3,29.04,43.07,41.74,438,0.56,NORMAL
115.56,260.61,21.89,48.57,48.97,502,0.46,NORMAL
334.53,599.21,54.13,68.48,277.29,1254,2.38,WARNING
348.79,692.85,61.12,83.06,175.42,1076,1.29,WARNING
89.25,186.0,41.23,27.17,60.76,517,0.45,NORMAL
550.9,1150.48,90.7,89.77,407.41,2943,3.39,HIGH_LOAD
697.34,1827.16,93.12,81.73,396.55,2942,2.23,HIGH_LOAD
116.44,125.04,9.23,37.65,82.19,345,0.1,NORMAL
345.4,303.11,70.06,76.24,128.74,957,1.97,WARNING
97.04,254.92,27.41,38.12,66.78,627,0.47,NORMAL
100.59,136.66,34.31,37.44,29.94,625,0.57,NORMAL
108.77,166.77,38.43,47.55,20.87,499,0.18,NORMAL
266.59,406.36,59.75,51.66,213.02,1236,1.62,WARNING
118.46,215.32,26.34,45.04,57.82,633,0.48,NORMAL
292.39,744.91,58.59,70.45,226.66,1304,1.35,WARNING
127.15,206.88,34.91,37.71,32.94,417,0.76,NORMAL
111.45,83.68,21.39,25.83,24.97,478,0.3,NORMAL
92.83,226.39,31.35,36.74,29.82,471,0.6,NORMAL
119.13,201.7,16.04,30.26,38.27,456,0.38,NORMAL
114.71,149.79,27.27,49.7,33.52,438,0.2,NORMAL
330.85,515.38,48.18,76.57,193.04,1953,1.05,WARNING
92.59,184.27,21.5,35.17,57.96,433,0.51,NORMAL
157.22,185.79,32.98,28.64,34.48,561,0.58,NORMAL
115.07,129.65,21.14,36.67,60.55,749,0.45,NORMAL
257.37,670.88,66.91,88.21,221.56,1661,1.99,WARNING
260.95,394.5,64.34,66.42,261.36,1136,1.68,WARNING
473.13,1370.46,98.93,87.92,560.35,3024,3.67,HIGH_LOAD
86.08,184.7,17.77,54.25,73.27,588,0.35,NORMAL
111.8,244.78,55.4,40.68,75.51,314,0.22,NORMAL
212.98,669.01,61.61,69.59,200.98,1259,1.73,WARNING
288.88,520.66,65.68,74.84,227.57,1763,1.09,WARNING
90.16,181.53,32.8,13.25,23.74,482,0.52,NORMAL
114.79,151.01,25.94,46.16,56.38,389,0.5,NORMAL
113.08,267.3,28.92,51.12,60.28,640,0.44,NORMAL
334.81,405.75,64.41,40.11,145.51,1674,1.71,WARNING
104.41,149.61,51.43,35.3,52.38,615,0.38,NORMAL
86.96,252.38,30.45,43.74,43.87,463,0.4,NORMAL
157.35,423.34,79.31,67.4,156.0,1580,1.41,WARNING
110.28,226.08,45.51,28.59,44.18,540,0.21,NORMAL
46.49,209.39,39.13,44.22,49.11,329,0.34,NORMAL
345.9,599.81,71.87,77.23,282.27,1837,1.44,WARNING
660.09,1257.8,95.45,100.0,356.13,2887,1.6,HIGH_LOAD
78.2,158.78,28.58,55.15,56.16,523,0.27,NORMAL
85.06,134.39,26.07,32.38,38.59,460,0.58,NORMAL
93.71,229.85,14.04,40.34,48.25,342,0.38,NORMAL
77.27,182.78,35.53,30.63,66.59,520,0.55,NORMAL
317.33,669.97,58.15,76.52,195.72,1613,1.12,WARNING
97.59,153.8,38.33,33.7,62.96,229,0.36,NORMAL
102.13,207.19,29.06,35.0,53.7,631,0.76,NORMAL
591.53,1035.06,94.68,93.88,503.05,2551,2.98,HIGH_LOAD
295.23,433.23,53.88,57.5,210.54,1281,0.79,WARNING
503.36,876.14,92.37,86.49,476.22,3233,3.92,HIGH_LOAD
244.1,426.06,76.64,69.19,239.98,1451,1.97,WARNING
94.89,271.44,25.87,40.32,71.93,470,0.71,NORMAL
604.06,1177.35,88.29,91.05,645.97,2584,3.18,HIGH_LOAD
700.09,452.16,98.72,94.3,556.83,3543,3.77,HIGH_LOAD
230.91,529.5,49.4,72.54,164.91,984,0.87,WARNING
103.9,148.6,36.15,45.1,62.18,533,1.09,NORMAL
588.08,1397.9,94.6,86.43,349.34,2243,2.86,HIGH_LOAD
91.54,161.68,20.45,45.18,42.41,482,0.68,NORMAL
580.29,1472.47,82.47,95.35,491.5,3039,4.78,HIGH_LOAD
108.93,220.68,38.2,38.05,54.46,666,0.1,NORMAL
80.97,283.89,48.11,47.19,56.39,483,0.26,NORMAL
83.54,200.44,38.72,43.24,62.36,483,0.74,NORMAL
69.52,118.95,37.14,35.78,60.6,611,0.74,NORMAL
265.11,784.61,63.0,83.99,276.96,1971,1.39,WARNING
105.25,169.0,12.96,19.26,23.58,525,0.4,NORMAL
88.29,208.93,34.42,25.66,37.44,289,0.22,NORMAL
96.51,288.31,40.02,35.34,48.68,797,0.48,NORMAL
110.04,178.21,37.49,34.03,27.57,498,0.47,NORMAL
105.87,113.92,48.26,35.15,56.92,337,0.71,NORMAL
115.97,221.86,23.64,34.35,78.07,414,0.99,NORMAL
520.71,963.73,100.0,93.7,512.71,2743,4.26,HIGH_LOAD
82.56,244.93,30.22,56.94,52.27,470,0.38,NORMAL
347.46,302.4,63.21,70.89,260.47,1710,1.64,WARNING
297.72,531.72,59.73,56.78,220.45,1699,0.96,WARNING
83.35,197.63,24.45,31.39,62.68,280,0.32,NORMAL
104.2,195.16,31.8,31.85,27.86,680,0.37,NORMAL
76.16,179.43,30.16,42.31,37.42,437,0.35,NORMAL
110.83,176.69,29.59,25.25,64.2,505,0.58,NORMAL
286.67,688.88,55.2,64.72,164.48,1617,0.84,WARNING
97.66,328.03,23.13,51.63,66.03,371,0.28,NORMAL
91.81,148.31,32.31,47.15,54.55,450,0.84,NORMAL
94.51,199.52,29.33,29.25,38.26,585,0.55,NORMAL
285.65,793.81,76.5,67.5,184.11,1831,1.37,WARNING
235.77,705.38,47.06,80.83,108.07,1769,1.35,WARNING
249.05,703.64,48.95,61.74,137.42,1979,1.24,WARNING
100.36,182.89,56.67,40.97,66.75,523,0.6,NORMAL
104.6,190.65,31.23,32.46,79.16,452,0.49,NORMAL
139.09,250.11,49.12,51.64,70.24,502,0.56,NORMAL
85.64,219.57,47.09,59.39,62.79,565,0.45,NORMAL
83.3,304.55,27.23,33.28,31.19,444,0.22,NORMAL
119.91,185.82,24.22,51.13,64.09,392,0.72,NORMAL
275.05,564.94,64.95,73.99,239.26,966,1.79,WARNING
329.64,665.67,79.19,84.59,267.02,1761,2.33,WARNING
106.51,118.73,29.65,31.46,69.36,505,0.91,NORMAL
102.15,197.2,25.69,36.68,54.77,662,0.83,NORMAL
105.06,153.38,35.01,30.18,74.08,622,0.19,NORMAL
120.07,118.51,26.97,38.01,56.53,535,0.59,NORMAL
327.82,659.85,65.12,69.07,136.42,1154,1.89,WARNING
277.55,747.61,71.74,42.15,254.91,1508,1.4,WARNING
386.46,569.13,57.89,71.17,211.81,1218,1.35,WARNING
61.43,264.54,36.12,48.75,70.13,617,0.35,NORMAL
127.93,167.41,35.59,38.44,55.14,624,0.34,NORMAL
62.51,299.86,27.85,27.35,50.85,676,0.54,NORMAL
80.35,129.65,36.75,22.84,90.66,493,0.32,NORMAL
74.84,254.83,38.79,39.56,66.31,517,0.11,NORMAL
59.74,181.74,43.14,30.51,65.92,456,0.85,NORMAL
109.48,195.8,36.96,35.35,44.33,470,0.17,NORMAL
92.33,190.77,30.23,46.25,52.9,630,0.49,NORMAL
85.7,117.4,23.06,44.11,57.91,510,0.1,NORMAL
95.22,163.11,33.1,44.76,58.84,234,0.77,NORMAL
339.36,483.37,74.31,63.96,144.93,889,1.35,WARNING
123.23,194.2,32.72,39.43,58.22,366,0.35,NORMAL
102.48,168.08,48.97,36.1,60.31,618,0.12,NORMAL
353.05,460.35,60.85,62.76,215.72,1392,1.79,WARNING
850.75,1826.32,98.7,80.09,455.66,4213,3.04,HIGH_LOAD
557.37,1219.51,92.25,89.48,677.55,2260,3.61,HIGH_LOAD
102.83,189.32,46.74,48.77,39.0,698,0.63,NORMAL
198.96,833.28,52.09,65.93,200.7,1669,1.26,WARNING
67.52,135.76,13.4,60.27,80.9,387,0.5,NORMAL
99.7,236.34,31.61,46.62,34.41,668,0.55,NORMAL
320.2,450.46,63.85,73.18,214.41,1337,1.19,WARNING
506.71,1204.51,85.73,86.78,569.9,2685,3.41,HIGH_LOAD
81.3,221.84,27.77,51.9,65.56,596,0.69,NORMAL
108.02,322.62,37.19,58.2,48.75,564,0.38,NORMAL
600.21,1102.53,85.94,95.1,565.28,3416,3.64,HIGH_LOAD
98.67,211.81,38.74,40.78,52.74,416,0.16,NORMAL
583.88,1705.98,93.54,88.71,586.87,2912,4.87,HIGH_LOAD
93.4,252.36,49.67,39.61,68.75,394,0.72,NORMAL
99.55,133.73,38.63,26.11,46.55,484,0.49,NORMAL
114.08,216.95,22.84,51.21,40.08,448,0.41,NORMAL
139.59,163.74,30.73,51.5,57.4,495,0.48,NORMAL
90.99,262.17,32.24,20.53,33.23,653,0.31,NORMAL
91.56,235.11,30.36,38.49,38.4,508,0.54,NORMAL
373.52,809.32,51.24,65.26,347.15,1717,2.45,WARNING
572.86,1076.3,87.68,96.05,498.27,3836,3.53,HIGH_LOAD
269.93,812.92,60.49,59.82,158.89,1113,1.14,WARNING
129.0,136.09,17.3,31.24,60.21,527,0.68,NORMAL
571.32,1429.26,86.2,93.32,605.96,2722,4.33,HIGH_LOAD
84.29,260.26,44.98,45.62,31.65,698,0.41,NORMAL
307.28,480.6,70.72,73.97,246.58,1618,1.37,WARNING
653.17,1111.49,92.28,91.07,479.67,3105,5.07,HIGH_LOAD
124.13,268.28,30.44,21.64,70.83,514,0.58,NORMAL
340.81,694.53,54.41,79.84,188.16,1701,0.81,WARNING
375.81,926.51,88.87,92.0,728.88,2118,4.13,HIGH_LOAD
82.07,128.8,1.0,45.14,23.5,413,0.4,NORMAL
90.13,214.7,30.4,25.77,56.92,407,0.41,NORMAL
103.18,310.43,23.04,42.01,24.27,580,0.51,NORMAL
126.12,223.77,37.76,35.16,68.56,474,0.41,NORMAL
248.89,562.19,54.43,80.47,152.71,1253,1.72,WARNING
92.4,156.97,23.94,39.68,32.29,384,0.92,NORMAL
106.8,264.44,27.06,33.11,28.97,536,0.67,NORMAL
77.79,182.34,29.05,57.3,16.32,519,0.88,NORMAL
563.97,1162.89,93.11,94.13,348.8,3011,1.68,HIGH_LOAD
92.55,206.09,24.84,61.25,8.39,482,0.85,NORMAL
96.3,207.99,36.5,31.29,48.85,346,0.66,NORMAL
75.61,187.63,32.17,35.35,32.34,546,0.86,NORMAL
67.55,248.88,20.45,46.11,52.3,445,0.54,NORMAL
98.03,230.83,40.16,35.97,27.72,295,0.75,NORMAL
75.0,198.35,33.72,27.14,30.46,295,0.42,NORMAL
548.26,905.76,93.97,96.75,605.82,3235,3.51,HIGH_LOAD
359.19,773.12,68.09,72.08,176.63,821,1.75,WARNING
447.44,861.42,96.57,89.92,413.2,2893,2.27,HIGH_LOAD
263.75,339.8,56.04,58.57,207.65,1346,1.7,WARNING
243.87,390.12,54.14,70.3,167.99,1945,1.21,WARNING
75.73,206.24,22.62,37.43,49.18,438,0.6,NORMAL
281.5,722.7,64.72,83.64,233.13,1253,1.08,WARNING
642.13,1147.69,94.04,90.58,522.86,2875,2.43,HIGH_LOAD
266.14,523.64,49.27,59.47,249.71,1576,1.45,WARNING
87.19,199.28,33.17,27.56,64.38,495,0.43,NORMAL
91.65,274.75,21.92,36.08,72.58,391,0.53,NORMAL
87.13,232.36,20.94,35.06,40.0,510,0.19,NORMAL
101.82,157.33,41.02,44.92,25.91,539,0.71,NORMAL
114.24,183.21,20.31,37.67,72.14,412,0.81,NORMAL
77.58,172.37,9.32,40.89,43.36,500,0.69,NORMAL
64.69,187.88,25.93,31.25,27.33,294,0.26,NORMAL
122.98,233.14,37.6,31.6,70.58,514,0.37,NORMAL
271.36,536.76,76.17,49.49,165.88,1100,1.59,WARNING
112.52,159.72,27.85,5.0,39.48,412,0.61,NORMAL
389.89,569.68,61.84,63.59,220.91,1331,1.29,WARNING
382.64,727.61,71.18,84.56,251.58,1077,1.68,WARNING
120.29,163.52,36.52,38.05,58.19,497,0.3,NORMAL
114.07,233.38,33.33,26.67,46.29,533,0.76,NORMAL
654.94,1860.42,86.7,84.92,449.47,3681,3.21,HIGH_LOAD
393.78,1249.95,98.19,82.84,371.44,2192,3.8,HIGH_LOAD
95.41,205.16,31.5,40.11,27.78,465,0.5,NORMAL
65.39,229.97,32.1,46.15,60.64,485,0.37,NORMAL
112.83,173.39,48.84,46.81,62.39,399,0.52,NORMAL
335.21,405.28,65.54,71.26,152.2,2195,0.94,WARNING
340.28,830.85,76.34,69.72,128.93,1463,2.08,WARNING
310.39,690.37,73.91,67.96,185.48,1633,1.83,WARNING
536.32,1865.48,91.74,95.53,470.38,3604,2.1,HIGH_LOAD
605.74,961.96,90.53,86.81,494.22,3563,3.59,HIGH_LOAD
103.88,172.54,28.08,47.53,50.56,560,0.69,NORMAL
83.29,172.24,21.66,33.2,38.06,519,0.47,NORMAL
194.82,521.58,79.95,50.27,248.21,1716,1.63,WARNING
110.06,214.19,25.51,42.34,58.98,585,0.4,NORMAL
346.77,762.9,70.08,59.84,181.63,1745,1.55,WARNING
93.17,196.11,36.42,37.3,53.27,417,0.64,NORMAL
66.38,194.12,25.0,42.8,64.79,564,0.96,NORMAL
512.7,1362.4,86.75,88.37,700.24,2846,3.79,HIGH_LOAD
473.61,1376.85,94.84,85.94,381.72,3043,2.09,HIGH_LOAD
158.06,721.54,50.84,63.57,177.06,1194,1.84,WARNING
323.93,856.34,50.55,63.96,335.68,1352,2.69,WARNING
110.38,197.15,24.18,43.99,30.2,476,0.76,NORMAL
458.42,1137.72,96.51,81.94,588.61,2052,4.0,HIGH_LOAD
126.43,143.74,43.3,38.79,29.9,451,0.2,NORMAL
89.51,215.25,54.06,52.55,60.3,544,0.56,NORMAL
103.27,223.38,26.62,40.02,45.88,454,0.36,NORMAL
630.07,1357.59,93.84,91.5,574.24,3380,3.26,HIGH_LOAD
65.07,268.01,33.14,25.15,59.12,634,0.47,NORMAL
669.03,862.07,77.52,76.5,382.13,3074,4.73,HIGH_LOAD
82.93,240.28,15.56,44.45,56.17,405,0.72,NORMAL
110.18,203.0,41.54,31.39,40.19,433,0.48,NORMAL
106.48,281.85,29.59,61.59,51.37,461,0.37,NORMAL
264.42,800.82,58.03,65.98,146.84,1588,1.62,WARNING
211.99,708.46,58.45,64.89,204.0,1596,1.1,WARNING
59.74,160.07,31.33,34.77,39.01,408,0.5,NORMAL
311.08,736.2,68.25,75.81,260.46,1492,2.16,WARNING
661.05,1054.76,83.41,87.21,495.19,3434,5.04,HIGH_LOAD
101.11,274.9,28.28,47.15,69.17,557,0.52,NORMAL
689.15,1293.45,88.75,85.99,405.28,2279,3.15,HIGH_LOAD
289.59,457.4,86.21,79.78,80.74,1330,0.78,WARNING
125.12,296.28,1.83,40.42,32.84,429,0.39,NORMAL
244.84,938.11,61.73,89.85,122.35,1078,1.47,WARNING
296.95,626.53,65.69,73.43,152.22,1421,1.65,WARNING
317.46,423.39,58.71,62.93,135.34,1525,1.07,WARNING
112.27,243.24,23.73,42.25,50.92,422,0.43,NORMAL
307.49,738.85,49.97,79.96,155.93,1527,1.97,WARNING
781.03,1458.92,92.0,87.01,556.65,3045,2.13,HIGH_LOAD
91.89,238.88,33.59,53.34,39.54,613,0.39,NORMAL
97.46,201.57,15.15,28.57,36.64,566,0.47,NORMAL
96.51,166.05,41.54,51.63,56.53,516,0.1,NORMAL
56.66,177.54,20.89,43.57,49.24,732,0.43,NORMAL
121.26,216.95,12.43,27.31,36.67,484,0.3,NORMAL
96.35,223.41,50.25,35.75,48.02,479,0.53,NORMAL
105.14,193.88,27.27,45.85,54.22,683,0.19,NORMAL
311.5,658.26,51.54,65.06,125.9,1484,0.87,WARNING
113.64,124.01,32.64,34.41,57.01,445,0.4,NORMAL
77.82,201.94,32.03,45.55,54.21,449,0.1,NORMAL
115.76,263.19,47.46,47.23,38.7,488,0.39,NORMAL
117.52,118.81,33.08,51.61,43.45,626,0.17,NORMAL
727.9,802.12,73.79,91.49,499.82,3069,3.54,HIGH_LOAD
334.1,914.65,71.54,59.87,242.86,1405,1.4,WARNING
111.95,159.93,52.06,40.8,5.0,623,0.39,NORMAL
90.54,165.84,22.89,57.3,71.34,540,0.41,NORMAL
114.84,133.37,24.93,42.4,72.28,295,0.46,NORMAL
354.97,634.36,58.24,65.26,245.75,1423,1.6,WARNING
86.52,171.05,27.53,47.35,50.1,315,0.1,NORMAL
329.28,354.65,69.31,62.48,276.83,1418,2.3,WARNING
94.62,147.19,30.2,36.0,100.66,567,0.42,NORMAL
123.41,220.2,24.53,66.04,63.02,534,0.58,NORMAL
86.11,146.61,28.11,39.14,16.76,480,0.67,NORMAL
308.57,616.26,70.87,58.68,160.23,1593,1.1,WARNING
74.75,52.84,21.36,51.36,45.25,637,0.66,NORMAL
269.6,957.52,61.36,50.87,230.99,2100,1.19,WARNING
97.67,251.63,38.82,50.27,79.61,537,0.46,NORMAL
109.17,206.55,44.68,41.28,41.13,316,0.34,NORMAL
82.87,242.03,32.42,31.49,62.96,576,0.46,NORMAL
558.89,1655.5,93.69,88.87,381.14,3721,2.0,HIGH_LOAD
110.13,257.17,28.4,37.57,50.85,487,0.46,NORMAL
776.17,1098.52,96.12,87.61,581.09,3361,3.29,HIGH_LOAD
721.45,1294.82,100.0,83.35,301.01,3166,3.2,HIGH_LOAD
236.69,481.8,82.54,76.12,179.07,1631,2.23,WARNING
104.22,178.2,24.36,34.07,59.83,525,0.24,NORMAL
318.69,425.22,70.59,71.08,254.47,1323,1.66,WARNING
67.99,211.54,28.16,37.94,29.53,407,0.66,NORMAL
699.29,951.59,92.25,82.71,512.6,4326,4.45,HIGH_LOAD
114.33,244.79,33.96,38.83,73.61,465,0.33,NORMAL
98.78,101.76,39.69,44.43,52.73,532,0.56,NORMAL
715.49,1187.72,96.76,78.18,705.21,2147,3.0,HIGH_LOAD
811.92,1334.38,83.38,94.09,398.28,2680,3.01,HIGH_LOAD
316.23,464.13,59.02,61.31,230.67,1490,1.83,WARNING
91.99,288.08,11.64,48.14,36.09,521,0.47,NORMAL
96.57,310.48,27.63,26.88,52.82,414,0.63,NORMAL
307.16,607.9,55.02,72.7,193.48,1733,1.05,WARNING
442.65,868.57,85.68,97.95,424.96,1918,3.87,HIGH_LOAD
108.72,122.91,35.99,24.11,69.4,564,0.36,NORMAL
98.48,132.61,34.78,34.23,52.29,344,0.94,NORMAL
585.59,908.7,95.42,89.79,472.16,3569,5.17,HIGH_LOAD
321.24,516.71,70.71,62.77,263.33,1208,1.45,WARNING
334.24,496.78,58.67,81.96,289.34,1421,0.62,WARNING
421.63,689.03,51.28,66.94,252.41,1248,1.26,WARNING
685.22,1510.09,90.02,95.17,596.15,3574,3.0,HIGH_LOAD
89.57,210.59,25.05,29.84,23.83,394,0.44,NORMAL
94.87,176.28,24.94,52.79,41.14,671,0.73,NORMAL
315.99,395.69,71.39,86.98,216.6,1693,1.37,WARNING
107.81,184.16,22.66,35.42,50.09,344,0.53,NORMAL
82.46,307.41,35.27,40.08,64.14,518,0.43,NORMAL
709.54,1200.44,89.57,86.5,460.72,3133,4.37,HIGH_LOAD
86.53,220.57,42.3,45.27,56.69,327,0.36,NORMAL
327.4,624.28,66.29,62.45,184.55,1239,1.51,WARNING
132.69,227.84,31.74,33.82,25.71,562,0.45,NORMAL
81.44,217.07,31.02,38.19,59.35,480,0.35,NORMAL
425.26,651.81,64.04,68.02,178.19,1814,1.07,WARNING
91.85,256.14,26.89,41.51,20.43,635,0.58,NORMAL
132.26,191.66,4.91,32.31,43.11,558,0.54,NORMAL
846.36,1363.82,89.46,94.76,401.25,2156,4.23,HIGH_LOAD
90.69,165.78,40.22,42.11,44.91,596,0.63,NORMAL
100.98,179.99,28.07,27.3,66.3,386,0.25,NORMAL
616.32,1255.46,92.55,86.92,661.7,2614,4.41,HIGH_LOAD
64.26,292.0,58.92,47.94,45.56,474,0.45,NORMAL
117.97,282.39,35.63,38.62,61.7,382,0.43,NORMAL
570.04,789.0,98.43,98.89,564.01,3484,3.69,HIGH_LOAD
80.41,259.68,33.85,47.99,66.81,656,0.49,NORMAL
662.14,1279.21,88.98,84.72,586.46,3637,5.48,HIGH_LOAD
79.04,207.35,38.72,43.27,33.18,638,0.91,NORMAL
655.03,1221.04,88.19,91.12,555.62,2919,4.04,HIGH_LOAD
103.13,140.98,29.65,49.06,85.18,359,0.48,NORMAL
342.41,658.66,71.48,71.4,228.7,1573,1.44,WARNING
372.33,532.1,67.05,74.09,270.74,1237,1.46,WARNING
107.43,205.9,21.19,50.89,24.74,596,0.66,NORMAL
58.01,105.98,34.13,37.67,43.23,486,0.56,NORMAL
87.02,240.6,26.02,29.3,26.89,647,0.66,NORMAL
95.67,184.48,50.51,33.06,48.51,472,0.11,NORMAL
327.33,624.68,72.71,73.34,223.5,1903,1.18,WARNING
95.5,177.24,39.71,27.05,32.19,557,0.49,NORMAL
132.57,238.8,31.85,56.01,44.08,446,0.26,NORMAL
110.29,141.77,41.57,38.29,38.98,595,0.74,NORMAL
90.1,245.08,21.2,42.99,59.53,463,0.91,NORMAL
561.87,1469.3,90.32,88.62,384.14,2092,3.09,HIGH_LOAD
652.06,975.26,84.88,84.16,581.09,3468,3.11,HIGH_LOAD
122.95,216.54,21.33,39.7,57.31,576,0.53,NORMAL
813.57,831.3,95.81,90.19,513.02,3881,4.19,HIGH_LOAD
347.45,509.09,54.19,73.36,225.82,1126,1.35,WARNING
292.91,606.87,44.46,85.09,121.75,1612,1.6,WARNING
101.38,206.07,29.3,37.13,56.53,425,0.43,NORMAL
278.95,812.39,49.4,62.21,292.63,1284,1.46,WARNING
547.31,702.86,81.98,80.93,529.59,3067,3.16,HIGH_LOAD
255.7,584.27,67.5,58.42,223.6,2444,1.94,WARNING
121.04,167.58,34.63,36.67,45.86,377,0.61,NORMAL
74.13,185.57,16.14,41.76,67.26,555,0.56,NORMAL
667.61,877.23,89.66,88.68,469.77,3265,2.75,HIGH_LOAD
383.85,619.8,60.44,73.1,235.09,1294,1.32,WARNING
82.93,234.22,25.76,32.34,61.01,346,0.61,NORMAL
85.24,198.82,10.5,46.97,74.69,555,0.12,NORMAL
94.51,206.34,18.81,46.43,29.73,469,0.3,NORMAL
108.75,95.49,22.49,8.59,61.91,549,0.77,NORMAL
534.55,1155.84,97.08,99.21,485.47,3173,2.71,HIGH_LOAD
262.47,354.72,70.14,51.87,231.85,1585,1.4,WARNING
68.9,188.58,39.53,37.0,56.91,486,0.55,NORMAL
125.87,276.12,34.22,41.37,53.44,642,0.6,NORMAL
91.62,188.84,38.17,30.87,54.61,494,0.63,NORMAL
673.64,738.33,86.81,94.04,487.04,3817,3.23,HIGH_LOAD
96.26,109.34,45.25,35.55,74.02,589,0.47,NORMAL
97.4,241.78,29.75,44.73,34.64,629,0.6,NORMAL
261.0,747.0,69.99,50.58,192.23,1153,1.42,WARNING
236.13,490.37,68.74,71.98,334.4,1216,1.4,WARNING
97.15,280.4,12.99,32.65,47.08,566,0.54,NORMAL
363.57,625.81,66.15,62.19,186.82,1083,1.46,WARNING
100.91,214.78,30.33,53.47,61.61,499,0.54,NORMAL
69.92,189.06,32.45,32.05,7.66,471,0.49,NORMAL
312.16,582.76,64.29,66.65,112.77,1292,1.43,WARNING
362.53,661.92,53.11,59.69,233.42,2025,1.27,WARNING
240.38,831.42,74.23,64.79,120.12,1947,2.32,WARNING
66.06,166.0,19.46,54.27,41.88,571,0.49,NORMAL
216.79,547.87,85.36,89.92,193.44,1326,1.78,WARNING
327.8,759.95,44.68,65.43,151.64,1407,1.46,WARNING
105.9,222.4,37.33,53.78,35.14,465,0.65,NORMAL
305.96,558.61,57.71,65.59,214.53,1559,1.98,WARNING
503.62,1613.2,90.07,94.55,661.3,3364,3.43,HIGH_LOAD
106.58,247.92,2.81,40.72,59.92,583,0.62,NORMAL
132.11,252.52,32.44,42.74,27.15,446,0.46,NORMAL
252.71,740.96,64.89,61.76,246.81,1246,1.45,WARNING
85.76,176.86,36.59,42.32,64.93,557,0.44,NORMAL
688.96,1113.02,96.86,85.37,676.71,2848,5.1,HIGH_LOAD
114.15,142.44,32.73,43.42,33.52,504,0.63,NORMAL
90.38,163.29,42.0,33.99,67.53,580,0.45,NORMAL
534.7,1683.09,89.14,89.67,329.08,3195,3.43,HIGH_LOAD
114.46,272.87,28.62,42.54,57.27,465,0.65,NORMAL
223.81,557.59,40.13,65.42,283.21,1357,1.3,WARNING
95.38,226.87,29.54,35.02,66.69,425,0.53,NORMAL
612.97,1560.67,82.74,85.38,621.32,3266,3.01,HIGH_LOAD
110.18,233.29,39.01,35.89,41.78,429,0.29,NORMAL
145.64,232.67,25.08,33.73,23.48,501,0.49,NORMAL
82.12,193.13,41.97,27.06,63.52,646,0.58,NORMAL
104.93,161.83,37.82,39.35,49.8,389,0.44,NORMAL
109.58,133.44,31.45,50.58,54.41,535,0.36,NORMAL
91.74,187.42,32.19,35.25,37.46,390,1.05,NORMAL
74.36,166.9,26.27,34.37,55.55,530,0.38,NORMAL
80.05,251.66,47.87,35.66,72.43,627,0.3,NORMAL
63.78,176.28,24.17,40.87,34.88,543,0.63,NORMAL
73.2,216.82,34.28,43.92,50.3,589,0.37,NORMAL
91.53,162.98,14.41,26.56,61.12,471,0.42,NORMAL
92.29,246.87,34.21,48.47,58.02,323,0.7,NORMAL
217.17,550.29,83.64,80.99,224.44,1462,0.97,WARNING
108.97,179.69,27.15,30.03,43.04,390,0.41,NORMAL
154.46,160.83,36.07,47.15,38.37,550,0.45,NORMAL
396.45,568.16,59.26,78.72,225.48,1443,2.06,WARNING
303.28,739.34,73.28,71.93,156.42,1440,1.55,WARNING
311.25,625.23,71.09,66.68,216.24,1643,1.1,WARNING
123.54,117.39,24.23,42.95,52.79,504,0.47,NORMAL
249.89,592.51,61.77,83.36,248.76,1610,0.9,WARNING
94.13,94.14,25.55,45.32,23.3,664,0.31,NORMAL
99.8,240.42,22.77,43.67,38.06,674,0.71,NORMAL
167.96,554.16,56.67,57.13,222.39,1601,1.64,WARNING
579.52,1741.63,93.58,88.03,341.28,2896,4.0,HIGH_LOAD
92.64,155.34,18.91,45.32,41.42,415,0.47,NORMAL
99.32,219.21,35.59,35.95,31.63,410,0.85,NORMAL
688.3,1060.66,92.58,92.29,588.79,3007,4.0,HIGH_LOAD
116.95,168.16,10.21,60.27,62.94,416,0.44,NORMAL
78.71,165.36,33.82,38.38,66.7,493,0.67,NORMAL
91.3,172.37,20.28,40.8,71.51,326,0.34,NORMAL
318.94,624.17,63.34,81.06,134.39,1461,1.42,WARNING
753.71,1277.68,95.23,88.99,538.12,2979,3.42,HIGH_LOAD
559.47,1151.69,92.43,86.72,519.06,2822,3.79,HIGH_LOAD
86.15,174.62,23.15,39.06,56.19,657,0.13,NORMAL
123.94,209.39,22.49,50.44,51.82,342,0.55,NORMAL
123.04,213.44,15.08,52.95,47.57,619,0.4,NORMAL
90.03,268.88,22.37,51.76,30.03,580,0.67,NORMAL
100.88,236.36,31.76,29.75,77.72,599,0.48,NORMAL
91.91,189.74,10.23,28.91,45.97,489,0.6,NORMAL
104.96,299.12,48.48,51.91,46.99,459,0.71,NORMAL
214.43,530.12,68.71,64.36,180.13,1605,1.92,WARNING
554.76,1059.68,94.05,96.16,347.43,2701,4.16,HIGH_LOAD
268.8,592.27,47.76,69.79,199.14,1212,1.87,WARNING
259.55,610.84,71.71,77.46,168.62,883,1.64,WARNING
96.33,261.07,33.37,62.8,38.99,406,0.31,NORMAL
264.61,542.9,69.7,71.03,150.68,1655,2.36,WARNING
91.12,190.81,14.36,28.65,49.41,593,0.84,NORMAL
85.66,121.28,44.66,25.91,27.01,526,0.73,NORMAL
633.49,1093.52,97.94,83.17,360.56,2919,3.55,HIGH_LOAD
149.22,181.02,35.7,36.76,17.04,626,0.54,NORMAL
310.88,804.8,89.18,89.81,129.69,992,1.82,WARNING
95.5,174.51,40.15,28.28,65.41,435,0.57,NORMAL
63.48,177.49,40.02,45.88,29.83,525,0.5,NORMAL
154.85,824.53,62.02,63.08,196.59,1077,1.47,WARNING
101.99,185.22,21.75,47.35,28.07,486,0.21,NORMAL
670.81,1591.49,95.62,93.38,519.29,3759,3.84,HIGH_LOAD
127.0,179.67,54.62,54.52,42.65,518,0.45,NORMAL
97.73,119.94,20.75,42.69,52.81,538,0.29,NORMAL
382.54,713.99,74.76,67.32,78.24,999,1.24,WARNING
115.26,184.91,11.17,24.76,49.73,529,0.6,NORMAL
83.37,237.36,32.04,45.63,47.77,324,0.7,NORMAL
104.58,249.63,35.87,40.07,58.14,419,0.81,NORMAL
122.63,133.98,18.57,36.06,29.07,493,0.59,NORMAL
319.29,555.07,61.75,72.38,205.15,1507,1.2,WARNING
129.22,178.99,30.02,44.26,36.02,384,0.24,NORMAL
403.1,425.22,69.19,65.03,246.15,1621,1.17,WARNING
111.89,258.95,24.49,34.75,56.07,652,0.46,NORMAL
71.18,175.21,19.24,43.37,43.13,604,0.65,NORMAL
67.14,185.2,16.93,44.8,46.23,523,0.86,NORMAL
112.69,279.37,1.0,42.84,28.63,478,0.44,NORMAL
686.49,1560.73,84.34,90.86,546.6,3065,3.62,HIGH_LOAD
66.4,169.96,14.52,42.04,52.89,667,0.19,NORMAL
573.16,855.81,91.78,97.14,537.14,3084,3.46,HIGH_LOAD
95.7,134.42,39.34,45.03,84.58,398,0.66,NORMAL
441.11,1399.22,92.0,89.89,561.24,2493,3.07,HIGH_LOAD
274.51,766.27,63.67,72.05,205.72,1500,1.06,WARNING
542.7,948.41,94.55,87.89,445.96,1757,2.67,HIGH_LOAD
272.99,758.19,54.81,61.85,177.23,1393,2.37,WARNING
241.6,387.72,75.14,82.22,142.89,1150,1.26,WARNING
84.39,192.19,32.68,42.51,37.58,568,0.37,NORMAL
111.83,219.85,35.69,33.83,33.48,655,0.55,NORMAL
108.8,205.83,35.31,29.27,51.73,497,0.56,NORMAL
91.93,198.08,38.22,54.58,51.22,381,0.1,NORMAL
312.51,667.15,53.91,87.13,202.3,1427,1.02,WARNING
90.9,152.15,31.56,31.53,43.24,680,0.68,NORMAL
117.29,247.33,28.64,32.22,43.35,472,0.82,NORMAL
297.86,894.47,76.39,65.88,164.28,1830,2.13,WARNING
316.63,643.49,67.18,79.68,164.11,1738,1.76,WARNING
114.48,212.09,38.99,41.21,40.22,494,0.51,NORMAL
80.64,227.39,30.47,34.79,37.48,476,0.64,NORMAL
83.36,162.08,23.25,46.28,55.36,372,0.82,NORMAL
97.35,110.89,24.33,58.02,80.33,683,0.46,NORMAL
123.5,223.58,25.91,61.96,34.48,468,0.61,NORMAL
287.26,482.35,68.92,59.65,232.53,1627,1.07,WARNING
102.95,235.1,38.14,39.29,75.8,677,0.56,NORMAL
254.98,336.01,80.15,64.58,283.71,1229,1.09,WARNING
112.88,109.96,20.14,38.1,61.28,443,0.33,NORMAL
92.27,265.06,44.34,41.91,59.93,350,0.74,NORMAL
120.03,192.59,25.43,32.25,66.82,517,0.33,NORMAL
279.64,727.71,75.01,62.18,157.62,1745,1.87,WARNING
102.16,294.34,15.3,42.17,59.82,552,0.31,NORMAL
224.97,561.72,78.61,70.65,238.27,1943,1.6,WARNING
596.34,1157.03,84.35,94.33,418.05,2649,3.85,HIGH_LOAD
308.46,897.85,45.23,65.05,184.78,1406,1.75,WARNING
117.35,213.09,39.98,40.92,39.92,527,0.61,NORMAL
124.68,115.9,23.29,29.04,33.43,543,0.46,NORMAL
114.93,182.73,31.56,48.0,67.88,461,1.03,NORMAL
289.37,553.44,60.59,58.84,249.39,1637,1.87,WARNING
82.21,307.56,25.55,27.67,77.82,637,0.62,NORMAL
677.03,858.28,85.16,83.09,577.01,3753,3.15,HIGH_LOAD
75.14,213.91,26.89,40.48,51.17,700,0.46,NORMAL
218.71,583.88,43.97,63.26,157.09,1336,1.73,WARNING
401.84,520.13,62.78,87.69,102.06,1544,1.37,WARNING
113.16,193.64,55.03,35.16,60.49,339,0.44,NORMAL
102.5,143.02,28.3,39.19,57.72,382,0.51,NORMAL
308.18,325.02,56.45,67.26,147.38,1357,1.02,WARNING
112.52,129.11,32.34,27.43,43.91,569,0.41,NORMAL
145.15,129.59,12.68,36.07,50.51,414,0.41,NORMAL
393.98,1002.54,91.71,93.01,441.36,2710,5.31,HIGH_LOAD
487.81,1046.06,77.62,92.51,651.93,3058,2.68,HIGH_LOAD
124.85,227.77,39.65,37.03,63.19,699,0.29,NORMAL
139.72,145.84,37.37,46.19,40.56,791,0.24,NORMAL
664.34,1195.36,95.7,83.64,506.75,2973,3.66,HIGH_LOAD
501.93,1292.1,88.33,92.83,527.25,3515,4.53,HIGH_LOAD
306.55,763.89,74.69,45.57,199.81,1328,1.56,WARNING
100.38,62.98,36.69,38.88,21.3,403,0.68,NORMAL
288.92,669.0,78.91,71.41,266.6,1873,0.99,WARNING
134.51,144.8,24.67,31.81,64.33,380,0.32,NORMAL
106.82,167.9,27.48,38.88,37.44,534,0.71,NORMAL
215.88,694.71,60.21,75.16,281.09,1344,0.97,WARNING
93.64,188.58,31.52,31.9,58.75,409,0.51,NORMAL
661.59,1153.08,87.82,89.84,504.03,3447,3.97,HIGH_LOAD
283.08,750.27,74.32,72.64,135.81,1901,1.81,WARNING
108.01,215.7,33.46,39.38,65.63,523,0.52,NORMAL
89.08,221.33,24.8,31.49,33.95,394,0.13,NORMAL
139.76,151.74,40.86,44.46,78.61,402,0.88,NORMAL
106.9,120.39,30.43,47.88,50.51,446,0.52,NORMAL
112.25,116.56,24.33,48.11,40.19,591,0.74,NORMAL
341.58,694.1,66.21,60.73,283.98,1425,1.61,WARNING
303.08,577.45,70.16,80.65,161.26,1340,2.26,WARNING
74.81,128.58,25.96,29.5,43.13,484,0.42,NORMAL
96.29,189.23,36.17,33.27,63.32,639,0.66,NORMAL
548.99,582.93,86.99,85.54,505.59,3990,2.27,HIGH_LOAD
105.37,137.87,26.39,41.22,51.31,426,0.55,NORMAL
330.36,480.53,54.26,74.22,140.89,2030,1.1,WARNING
70.54,239.57,33.31,34.35,52.15,557,0.69,NORMAL
75.13,185.27,22.82,41.18,33.02,606,0.96,NORMAL
86.97,260.84,17.71,35.88,77.17,557,0.1,NORMAL
91.1,154.98,35.42,48.9,62.15,330,0.37,NORMAL
98.7,252.25,29.37,39.21,67.98,501,0.42,NORMAL
133.94,200.92,49.9,18.39,51.71,791,0.6,NORMAL
731.27,1352.07,95.28,91.99,501.34,2993,2.74,HIGH_LOAD
61.45,192.88,26.13,49.53,56.95,400,0.12,NORMAL
118.48,170.84,46.17,33.41,45.23,445,0.48,NORMAL
352.74,864.12,74.44,58.23,262.54,1588,1.02,WARNING
97.49,164.56,17.33,30.1,39.7,415,0.45,NORMAL
111.75,191.13,22.54,51.81,31.62,561,0.83,NORMAL
103.87,219.66,33.63,28.26,35.09,615,0.88,NORMAL
108.22,119.73,35.36,41.71,40.81,533,0.19,NORMAL
85.29,186.97,19.92,40.85,33.68,431,0.36,NORMAL
103.74,103.08,15.3,43.82,66.61,566,0.93,NORMAL
102.54,129.4,34.92,28.69,35.57,500,0.48,NORMAL
783.11,1197.08,93.35,94.14,313.24,3992,2.97,HIGH_LOAD
86.95,201.54,32.28,39.14,41.55,405,0.73,NORMAL
112.64,195.85,34.32,31.05,26.21,604,0.41,NORMAL
290.12,178.41,46.81,88.69,130.31,1555,1.53,WARNING
660.62,757.71,88.03,84.8,413.17,2233,2.49,HIGH_LOAD
248.21,691.74,67.74,67.34,194.87,1909,1.32,WARNING
84.38,189.89,52.11,49.06,52.28,508,0.56,NORMAL
102.56,220.6,25.2,56.29,22.28,447,0.26,NORMAL
243.09,418.46,57.82,71.94,135.57,1314,1.49,WARNING
128.56,181.5,21.58,27.33,62.39,532,0.58,NORMAL
83.86,170.85,29.23,45.61,42.99,576,0.58,NORMAL
356.37,583.62,56.44,58.14,209.15,943,1.68,WARNING
110.05,160.52,33.94,19.93,34.08,533,0.54,NORMAL
673.76,1605.83,96.41,80.55,457.89,3223,3.87,HIGH_LOAD
570.53,1474.88,83.91,87.57,389.05,3380,4.48,HIGH_LOAD
424.3,421.39,61.68,54.71,215.53,1165,1.18,WARNING
86.3,200.78,47.93,44.1,61.54,512,0.46,NORMAL
312.27,350.19,61.37,54.73,189.03,1570,1.34,WARNING
332.67,451.06,63.1,67.56,161.76,1208,1.8,WARNING
109.25,199.62,44.04,42.45,64.24,328,0.64,NORMAL
219.29,520.74,89.29,68.74,211.14,1318,0.87,WARNING
563.43,1228.61,95.51,90.89,447.02,3402,2.83,HIGH_LOAD
433.75,1346.31,82.52,88.13,312.83,2655,2.41,HIGH_LOAD
108.75,307.44,40.69,39.11,60.27,392,0.78,NORMAL
571.48,827.73,86.29,96.78,516.66,3315,3.03,HIGH_LOAD
279.98,917.4,65.32,61.06,190.87,1333,1.97,WARNING
70.73,325.94,26.2,46.08,49.11,492,0.51,NORMAL
389.03,493.73,63.07,50.22,201.31,1521,1.76,WARNING
84.65,265.69,22.38,47.78,47.84,488,0.71,NORMAL
57.44,149.99,24.82,34.62,35.23,176,0.8,NORMAL
130.7,176.11,9.4,36.72,60.98,496,0.28,NORMAL
106.04,143.75,11.05,38.4,54.88,609,0.1,NORMAL
125.09,206.66,42.52,44.57,59.47,715,0.31,NORMAL
139.39,267.43,37.95,60.06,68.56,657,0.68,NORMAL
89.43,136.26,49.02,60.61,70.45,492,0.55,NORMAL
90.95,195.96,22.59,48.08,73.71,591,0.71,NORMAL
111.33,194.08,26.92,38.45,52.5,294,0.69,NORMAL
119.64,202.2,30.44,52.23,41.48,551,0.56,NORMAL
99.06,249.98,44.54,44.29,33.78,402,0.35,NORMAL
117.53,186.08,20.09,39.36,26.4,537,0.28,NORMAL
290.63,589.12,62.72,72.82,128.51,1299,1.91,WARNING
257.5,431.37,58.11,63.15,172.54,1321,0.99,WARNING
668.51,1270.02,94.42,88.21,534.89,2805,4.01,HIGH_LOAD
268.81,542.03,62.18,63.69,156.78,1707,1.42,WARNING
86.19,184.21,24.03,21.83,61.85,454,0.59,NORMAL
99.54,229.76,29.5,54.72,52.67,420,0.36,NORMAL
111.35,269.85,36.64,42.68,53.21,485,0.63,NORMAL
316.53,636.39,51.61,61.14,157.46,1281,1.31,WARNING
246.39,725.62,73.32,77.07,132.22,1644,1.63,WARNING
308.34,496.83,64.7,75.25,183.2,1580,0.9,WARNING
104.37,308.46,27.31,43.31,31.86,414,0.33,NORMAL
96.69,227.51,24.57,33.03,48.88,534,0.21,NORMAL
52.4,193.05,22.66,44.12,38.03,539,0.52,NORMAL
363.25,568.66,65.35,59.13,161.44,1349,1.08,WARNING
386.61,610.29,40.66,72.48,202.13,1415,1.29,WARNING
121.24,260.51,18.83,29.52,60.32,465,0.68,NORMAL
334.31,563.79,50.88,84.84,189.51,1809,0.95,WARNING
118.86,136.72,8.46,42.24,55.24,513,0.1,NORMAL
286.18,525.39,60.55,72.38,229.4,1827,1.8,WARNING
681.34,1023.57,99.15,92.47,403.17,3124,4.1,HIGH_LOAD
302.9,635.79,77.48,76.9,189.94,1669,1.33,WARNING
492.68,1433.63,98.33,89.11,562.48,3402,3.42,HIGH_LOAD
103.65,227.78,18.76,22.48,66.93,505,0.54,NORMAL
250.89,588.21,75.84,67.88,176.67,1278,1.48,WARNING
122.11,134.72,5.23,35.43,53.38,669,0.27,NORMAL
82.8,129.16,37.63,49.22,51.87,659,0.54,NORMAL
308.23,527.48,67.25,74.15,136.64,1430,1.43,WARNING
113.72,143.35,28.86,44.33,52.46,425,0.4,NORMAL
680.74,1275.96,89.27,77.36,494.85,2912,3.58,HIGH_LOAD
86.32,162.75,44.44,23.28,55.81,500,0.67,NORMAL
106.17,265.42,26.61,31.28,30.36,541,0.22,NORMAL
74.74,220.43,42.71,36.73,45.53,545,0.79,NORMAL
113.17,277.87,5.01,43.77,34.51,440,0.45,NORMAL
79.15,197.86,35.4,35.7,69.85,496,0.54,NORMAL
300.81,634.13,70.29,86.24,191.64,1813,1.25,WARNING
71.11,211.84,35.62,38.01,55.56,400,0.31,NORMAL
73.72,229.33,32.65,33.98,41.77,662,0.44,NORMAL
101.06,202.73,34.4,39.25,66.39,597,0.58,NORMAL
315.75,681.81,71.24,60.95,250.74,1800,1.22,WARNING
64.67,140.9,33.63,51.63,52.71,365,0.31,NORMAL
101.2,245.97,28.27,54.57,30.73,637,0.27,NORMAL
122.12,76.12,17.23,49.11,48.89,459,0.26,NORMAL
244.77,650.25,53.57,71.68,180.26,924,1.85,WARNING
136.8,194.35,52.69,41.88,30.94,596,0.48,NORMAL
287.86,640.31,75.0,75.18,166.66,1806,1.62,WARNING
89.7,147.93,1.0,35.5,61.46,460,0.41,NORMAL
281.61,713.72,72.66,62.47,207.69,1377,1.4,WARNING
92.53,127.41,10.87,57.77,57.26,495,0.68,NORMAL
99.65,213.82,22.79,47.83,63.86,377,1.0,NORMAL
320.12,542.54,70.07,81.12,255.22,1461,1.76,WARNING
90.5,330.09,23.48,59.02,48.37,496,0.56,NORMAL
143.38,192.8,27.39,40.09,54.54,441,0.54,NORMAL
607.58,1064.43,81.15,92.32,450.92,3766,3.18,HIGH_LOAD
753.31,1122.68,96.49,89.6,521.45,2951,4.49,HIGH_LOAD
110.72,143.25,37.68,40.01,20.93,377,0.44,NORMAL
89.51,240.45,29.52,26.33,54.74,636,0.56,NORMAL
270.42,719.43,84.62,65.45,210.0,1613,1.7,WARNING
84.86,150.98,37.08,47.76,78.34,501,0.59,NORMAL
97.97,161.8,16.66,30.67,56.07,447,0.39,NORMAL
85.4,291.71,22.15,59.49,61.03,592,0.74,NORMAL
578.44,1225.78,94.68,82.77,408.53,2605,2.65,HIGH_LOAD
650.54,861.1,86.39,79.12,400.71,2725,3.3,HIGH_LOAD
81.78,215.04,26.66,22.8,45.09,428,0.45,NORMAL
99.11,234.54,39.07,44.06,48.95,420,0.58,NORMAL
340.29,349.61,65.44,73.41,216.13,1137,1.93,WARNING
114.24,151.28,33.49,43.42,57.61,610,0.22,NORMAL
101.44,207.49,53.15,47.9,50.74,430,0.48,NORMAL
129.31,212.6,31.12,35.43,45.9,634,0.78,NORMAL
327.37,899.06,51.67,83.89,238.07,1602,1.54,WARNING
108.89,232.46,43.3,34.11,37.08,509,0.45,NORMAL
398.47,529.77,57.65,57.22,142.48,1167,1.41,WARNING
120.49,198.64,29.92,49.76,58.77,505,0.6,NORMAL
76.32,135.89,25.01,43.27,42.13,426,0.66,NORMAL
491.21,992.68,83.1,92.06,552.52,1805,2.83,HIGH_LOAD
94.45,177.32,30.35,32.73,47.75,451,0.48,NORMAL
110.48,276.51,33.8,45.71,38.44,652,0.44,NORMAL
132.37,229.57,26.82,34.85,50.4,601,0.48,NORMAL
290.54,511.47,62.68,66.58,142.33,1388,0.17,WARNING
742.33,1523.25,88.35,89.9,353.04,2447,2.16,HIGH_LOAD
90.81,221.37,33.71,40.18,49.71,428,0.39,NORMAL
326.36,504.66,61.26,58.06,139.62,1132,1.65,WARNING
67.2,180.91,54.41,46.1,78.76,582,0.35,NORMAL
277.33,592.2,71.54,69.6,70.29,2121,1.67,WARNING
264.08,616.13,53.37,68.38,176.78,1927,1.97,WARNING
77.11,270.69,30.7,39.02,27.27,495,0.38,NORMAL
91.79,197.12,21.86,41.8,53.4,629,0.75,NORMAL
564.66,1273.41,88.94,94.51,423.16,3201,3.91,HIGH_LOAD
414.82,614.11,75.99,66.48,259.25,1818,1.9,WARNING
126.11,195.46,24.41,50.0,49.72,376,0.21,NORMAL
119.82,219.7,17.77,30.84,37.7,533,0.56,NORMAL
116.97,225.36,46.04,34.14,37.77,665,0.35,NORMAL
409.16,737.06,71.26,83.7,167.93,1833,1.61,WARNING
226.1,673.44,67.43,48.3,235.7,1429,2.26,WARNING
346.21,432.59,69.3,75.09,221.13,895,1.55,WARNING
140.45,174.46,37.21,39.67,13.07,446,0.59,NORMAL
742.72,1340.56,87.9,90.11,440.89,3164,3.07,HIGH_LOAD
121.93,162.66,25.72,45.22,42.11,391,0.61,NORMAL
91.99,243.37,35.64,28.38,85.0,629,0.5,NORMAL
65.29,216.64,27.87,38.74,40.8,507,0.37,NORMAL
61.83,162.56,24.56,29.22,37.93,522,0.24,NORMAL
625.17,1441.27,95.56,93.84,503.63,3229,5.07,HIGH_LOAD
94.13,108.75,26.86,53.26,47.5,402,0.94,NORMAL
102.51,274.93,15.88,16.21,72.06,509,0.81,NORMAL
114.69,230.42,39.77,41.8,49.26,474,0.46,NORMAL
98.34,199.23,40.97,52.59,50.8,411,0.68,NORMAL
563.43,1703.57,91.04,94.93,649.12,2849,3.71,HIGH_LOAD
98.37,174.6,37.82,53.6,28.49,392,0.63,NORMAL
116.3,173.06,45.48,33.72,51.52,424,0.67,NORMAL
316.39,287.97,27.43,75.03,127.13,939,0.7,WARNING
105.58,203.9,18.96,30.42,35.14,471,0.89,NORMAL
289.12,306.71,78.77,83.76,204.23,2020,1.25,WARNING
222.28,381.59,59.97,59.86,168.52,1130,1.67,WARNING
271.15,737.44,77.2,70.26,206.68,1842,1.36,WARNING
116.9,214.65,41.26,39.01,80.03,504,0.73,NORMAL
79.87,150.26,32.02,51.05,63.6,510,0.45,NORMAL
95.48,267.81,26.41,27.0,71.51,430,0.61,NORMAL
103.98,192.28,34.6,43.53,29.95,255,0.3,NORMAL
119.2,194.13,26.6,59.53,31.62,513,0.5,NORMAL
113.22,194.71,20.95,37.92,70.32,448,0.5,NORMAL
96.24,261.77,36.46,54.74,36.11,473,0.38,NORMAL
385.79,439.95,65.93,80.06,353.38,1554,1.46,WARNING
97.59,223.35,30.07,29.17,21.12,572,0.62,NORMAL
98.2,113.32,46.09,36.84,46.23,410,0.42,NORMAL
57.4,233.97,18.64,42.32,40.16,611,0.82,NORMAL
636.25,1126.61,95.62,90.35,255.22,3224,3.76,HIGH_LOAD
257.91,605.12,46.34,62.4,286.47,1052,1.5,WARNING
133.42,266.58,52.05,46.5,35.28,412,0.68,NORMAL
87.16,233.12,36.46,47.04,63.35,542,0.52,NORMAL
128.57,199.89,24.39,29.43,57.42,513,0.43,NORMAL
216.49,359.44,56.82,71.23,172.47,1314,1.67,WARNING
122.0,144.13,29.06,40.4,67.98,409,0.62,NORMAL
346.25,567.99,65.71,68.91,251.65,1107,0.59,WARNING
309.57,747.18,72.35,65.42,260.62,1828,1.47,WARNING
51.79,143.55,34.21,29.85,59.35,663,0.47,NORMAL
121.91,169.05,29.87,39.32,50.68,492,0.7,NORMAL
320.97,506.46,61.44,54.75,190.26,1408,1.62,WARNING
79.91,170.07,33.29,45.55,30.04,440,0.51,NORMAL
95.54,187.64,26.4,60.31,36.31,472,0.42,NORMAL
313.44,832.87,54.72,58.25,166.28,1303,2.35,WARNING
66.61,134.26,35.43,21.92,39.66,494,0.55,NORMAL
773.18,1352.9,81.56,92.12,443.67,3207,3.7,HIGH_LOAD
697.76,1290.37,90.67,86.94,450.31,3036,5.45,HIGH_LOAD
116.7,152.84,16.52,51.45,48.48,374,0.33,NORMAL
253.73,668.94,58.59,86.59,249.23,1737,1.81,WARNING
602.01,997.16,82.6,84.38,580.31,2258,3.99,HIGH_LOAD
61.49,219.83,25.98,10.06,37.53,450,0.78,NORMAL
105.87,210.37,25.39,42.37,48.47,402,0.74,NORMAL
63.16,127.5,30.78,55.44,55.78,229,0.55,NORMAL
580.9,1839.66,88.11,85.98,417.91,3579,3.15,HIGH_LOAD
113.38,236.03,16.71,37.15,12.15,469,0.63,NORMAL
122.86,188.73,31.13,40.42,39.55,612,0.52,NORMAL
93.01,241.9,25.94,30.53,56.77,381,0.49,NORMAL
56.19,225.71,22.56,24.22,79.96,343,1.02,NORMAL
89.62,163.63,23.53,48.47,50.28,447,0.62,NORMAL
324.89,927.72,59.71,83.86,258.15,1580,1.98,WARNING
89.13,164.33,34.31,28.26,48.14,492,0.76,NORMAL
48.86,243.29,26.15,27.07,70.3,667,0.1,NORMAL
706.87,1001.96,95.09,87.69,607.54,3555,4.37,HIGH_LOAD
656.66,1252.55,83.65,82.23,487.9,3771,2.55,HIGH_LOAD
528.33,1442.86,91.73,88.31,549.62,3741,4.06,HIGH_LOAD
95.17,206.56,33.48,60.36,61.3,430,0.5,NORMAL
333.27,833.74,77.59,70.95,159.64,1482,1.18,WARNING
92.83,189.79,41.4,25.17,55.25,722,0.47,NORMAL
335.99,766.84,72.09,71.62,118.24,1224,1.44,WARNING
75.25,248.57,26.11,54.96,65.57,442,0.5,NORMAL
322.17,672.3,60.44,75.03,183.56,1715,1.57,WARNING
95.56,206.86,13.52,34.54,62.78,308,0.29,NORMAL
370.29,611.14,54.57,73.69,180.85,1630,1.48,WARNING
251.13,765.26,53.45,80.89,158.27,1800,1.56,WARNING
244.73,431.38,61.89,59.09,89.62,1421,1.97,WARNING
106.74,202.98,31.62,60.09,67.63,580,0.2,NORMAL
314.93,655.63,58.1,69.14,196.21,1524,2.51,WARNING
91.6,129.89,9.21,34.01,22.6,591,0.11,NORMAL
100.08,154.6,35.14,59.22,56.14,457,0.21,NORMAL
338.99,602.31,67.71,83.67,236.86,1664,2.03,WARNING
84.54,237.94,33.31,56.79,30.35,548,0.8,NORMAL
317.4,634.4,68.1,67.76,169.84,1495,2.29,WARNING
73.09,206.36,42.21,35.67,44.44,492,0.51,NORMAL
103.59,170.58,34.83,44.56,58.86,458,0.1,NORMAL
255.61,517.24,68.1,75.43,156.97,1478,1.44,WARNING
102.39,156.24,41.89,42.87,44.65,524,0.87,NORMAL
301.54,728.41,69.53,67.34,246.3,1110,2.45,WARNING
95.91,198.01,29.09,48.59,62.79,615,0.77,NORMAL
127.75,231.48,41.12,34.48,27.4,514,0.38,NORMAL
101.78,250.29,14.19,31.09,43.12,605,0.47,NORMAL
103.75,238.46,32.73,27.96,80.85,452,0.63,NORMAL
469.67,929.65,87.74,85.12,512.76,2536,2.96,HIGH_LOAD
95.2,168.19,41.26,56.02,64.67,627,0.43,NORMAL
109.58,168.09,36.66,34.13,33.43,508,0.59,NORMAL
116.33,222.05,36.82,50.42,58.28,689,0.83,NORMAL
117.59,219.46,26.52,44.55,21.84,309,0.16,NORMAL
321.83,235.48,45.2,65.87,247.49,1582,1.02,WARNING
511.7,1473.38,98.47,90.29,458.4,2873,4.79,HIGH_LOAD
96.75,238.41,34.89,44.72,44.25,467,0.35,NORMAL
269.41,824.71,50.5,55.21,154.03,1492,1.1,WARNING
253.38,745.27,60.04,70.47,172.19,1544,2.12,WARNING
88.34,239.19,39.37,47.96,52.49,597,0.39,NORMAL
338.93,609.26,67.95,68.04,226.9,1214,1.16,WARNING
123.57,188.51,30.68,48.66,72.12,309,0.49,NORMAL
80.75,310.11,26.71,25.93,41.8,490,0.75,NORMAL
86.16,163.77,42.9,33.79,72.58,496,0.37,NORMAL
130.28,205.19,37.57,46.9,47.0,568,0.1,NORMAL
84.5,182.51,42.13,20.86,28.58,545,0.55,NORMAL
402.62,368.89,59.61,71.73,264.2,1448,1.12,WARNING
647.16,1339.68,94.81,87.18,465.66,3223,2.07,HIGH_LOAD
243.75,568.09,48.9,73.28,161.16,1425,1.62,WARNING
666.07,1685.39,91.17,88.52,509.06,2438,4.16,HIGH_LOAD
76.05,270.45,22.08,28.07,54.8,488,0.46,NORMAL
91.77,225.61,33.73,34.37,31.75,498,0.29,NORMAL
66.68,221.09,20.34,38.38,53.87,471,0.44,NORMAL
102.74,215.44,24.35,31.53,71.5,616,0.7,NORMAL
107.77,193.29,27.79,35.94,58.01,322,0.45,NORMAL
278.31,705.87,46.7,72.56,184.22,1768,1.56,WARNING
599.28,1037.19,93.5,90.62,391.05,2282,3.59,HIGH_LOAD
272.93,571.66,69.23,57.2,188.94,1213,1.68,WARNING
105.67,227.61,28.61,51.7,49.92,455,0.19,NORMAL
74.3,100.55,18.33,40.93,45.73,273,0.89,NORMAL
100.61,201.03,22.28,46.53,33.93,633,0.65,NORMAL
123.46,189.49,30.01,24.05,59.43,663,0.31,NORMAL
89.7,162.09,21.41,32.75,45.14,473,0.37,NORMAL
676.12,1300.34,93.36,82.33,440.64,3625,3.74,HIGH_LOAD
623.9,764.63,87.83,82.52,500.81,2996,2.6,HIGH_LOAD
114.71,173.21,26.72,39.29,44.63,491,0.44,NORMAL
529.2,702.37,81.64,87.64,392.98,3133,3.76,HIGH_LOAD
98.08,229.52,50.23,36.66,38.36,412,0.41,NORMAL
114.1,225.27,23.01,40.6,71.3,527,0.18,NORMAL
334.23,885.87,43.87,46.2,187.55,1683,1.64,WARNING
610.93,1309.55,96.26,89.39,463.33,2826,4.19,HIGH_LOAD
638.75,1327.27,100.0,95.68,416.07,4169,4.05,HIGH_LOAD
98.06,198.58,46.76,45.61,56.01,524,0.4,NORMAL
585.06,881.91,82.41,90.18,428.21,2763,3.4,HIGH_LOAD
438.97,910.38,91.1,82.83,692.93,2948,3.38,HIGH_LOAD
394.97,662.0,65.5,61.48,242.48,1466,1.92,WARNING
93.44,269.28,33.09,56.12,67.96,454,0.14,NORMAL
92.8,238.43,39.34,46.51,53.22,522,0.27,NORMAL
115.78,197.24,43.45,46.51,57.1,561,0.42,NORMAL
97.3,224.49,29.34,35.14,53.23,490,0.46,NORMAL
607.58,1306.94,89.43,90.66,468.94,2913,2.23,HIGH_LOAD
105.1,282.65,41.94,43.48,63.3,493,0.53,NORMAL
116.57,206.47,5.4,38.6,67.58,490,0.42,NORMAL
93.39,135.95,9.72,36.67,33.27,430,0.27,NORMAL
79.92,239.17,35.11,49.39,40.68,366,1.16,NORMAL
677.04,1350.64,88.87,98.02,461.81,1682,2.79,HIGH_LOAD
103.18,249.77,16.4,37.87,35.58,494,0.64,NORMAL
139.63,197.26,47.44,46.99,24.87,320,0.39,NORMAL
98.08,185.94,52.74,49.4,26.76,650,0.74,NORMAL
99.36,228.78,32.6,35.6,52.19,594,0.58,NORMAL
66.74,158.76,18.18,42.2,23.89,460,0.58,NORMAL
105.32,207.9,36.37,48.12,79.87,681,0.56,NORMAL
273.39,790.32,72.01,77.23,192.31,1595,1.07,WARNING
599.46,1310.85,85.24,80.87,424.46,2552,3.78,HIGH_LOAD
106.25,287.41,31.98,19.66,35.35,597,0.59,NORMAL
98.36,209.97,37.43,40.08,76.11,341,0.67,NORMAL
71.94,112.24,45.95,29.84,46.58,509,0.31,NORMAL
90.52,143.79,47.1,27.63,55.89,675,0.65,NORMAL
222.88,379.81,66.94,76.42,172.72,1644,1.57,WARNING
71.91,180.53,39.1,45.89,58.36,367,0.47,NORMAL
102.06,141.64,19.85,34.01,55.92,535,0.33,NORMAL
100.12,259.98,39.0,30.31,76.85,364,0.81,NORMAL
71.4,211.15,22.18,35.39,32.47,318,0.64,NORMAL
85.46,247.06,23.92,12.01,51.37,408,0.66,NORMAL
623.17,860.84,89.05,91.46,532.71,3077,3.9,HIGH_LOAD
310.3,735.92,71.0,69.39,209.25,1678,0.67,WARNING
341.72,566.59,68.07,48.67,148.66,1551,1.55,WARNING
100.39,232.18,35.83,21.94,65.01,458,0.7,NORMAL
91.38,195.0,29.58,38.14,31.27,578,0.37,NORMAL
89.96,338.59,44.85,31.77,47.61,454,0.42,NORMAL
426.5,1305.91,90.83,86.47,674.14,4421,3.28,HIGH_LOAD
76.54,57.02,43.05,49.37,27.05,467,0.26,NORMAL
477.06,1012.47,96.73,91.87,352.13,1885,2.92,HIGH_LOAD
94.09,221.2,36.66,53.15,64.4,533,0.79,NORMAL
295.57,453.87,56.35,82.75,140.71,1749,1.83,WARNING
77.22,244.02,39.05,27.97,81.76,340,0.65,NORMAL
112.4,279.93,40.28,27.29,66.36,604,0.31,NORMAL
86.57,159.23,25.2,34.14,54.16,611,0.44,NORMAL
340.65,718.59,70.25,61.22,135.93,1478,1.14,WARNING
65.93,91.33,35.34,51.66,43.24,420,0.14,NORMAL
336.34,679.12,64.22,64.73,277.14,1130,1.5,WARNING
564.31,1088.33,84.31,86.83,471.1,2054,2.87,HIGH_LOAD
531.1,806.73,95.39,85.01,374.81,3963,2.97,HIGH_LOAD
76.48,142.68,23.84,60.44,35.38,608,0.49,NORMAL
879.98,1570.86,87.07,91.66,551.01,2713,3.63,HIGH_LOAD
81.37,184.63,50.19,33.0,54.83,354,0.71,NORMAL
242.53,534.22,51.59,85.28,259.84,1629,1.48,WARNING
402.58,439.79,71.25,72.51,200.43,1495,1.23,WARNING
563.73,1545.04,89.23,92.09,552.42,4085,3.87,HIGH_LOAD
115.63,147.94,38.33,49.28,50.34,505,0.68,NORMAL
76.11,168.19,32.82,44.56,60.48,546,0.5,NORMAL
400.01,399.54,70.15,65.47,257.35,1427,1.6,WARNING
224.57,429.5,56.97,89.43,177.43,1546,1.68,WARNING
275.44,279.47,78.88,79.44,257.11,2150,1.94,WARNING
106.45,216.38,11.48,48.19,41.8,401,0.75,NORMAL
99.24,165.3,39.24,36.96,91.16,546,0.83,NORMAL
277.64,525.83,55.78,69.75,217.49,758,1.92,WARNING
339.4,591.14,60.21,60.12,5.0,1216,1.35,WARNING
572.92,1329.22,90.17,95.45,488.61,3007,3.02,HIGH_LOAD
476.24,1507.35,93.28,91.96,395.01,3144,3.92,HIGH_LOAD
64.49,181.67,17.35,58.86,26.83,615,0.48,NORMAL
528.46,1594.63,91.09,88.31,556.22,2595,2.68,HIGH_LOAD
145.45,256.45,20.32,51.48,41.21,550,0.63,NORMAL
403.8,854.7,62.71,85.79,225.32,1522,1.63,WARNING
97.36,110.71,38.56,39.86,37.02,423,0.4,NORMAL
128.42,247.73,15.18,47.89,63.19,745,0.71,NORMAL
636.77,1211.42,100.0,90.14,514.2,3628,4.23,HIGH_LOAD
295.39,673.36,66.34,82.23,204.35,1556,1.4,WARNING
274.84,575.45,63.79,56.13,252.84,1930,1.86,WARNING
85.42,239.35,30.1,54.01,51.96,514,0.2,NORMAL
84.28,212.8,43.1,48.65,17.56,592,0.64,NORMAL
81.15,111.07,14.32,32.4,48.27,93,0.28,NORMAL
357.33,564.91,59.7,70.97,154.59,1373,1.41,WARNING
101.86,196.85,39.18,48.76,58.01,531,0.55,NORMAL
648.3,1430.35,88.4,90.83,615.68,3563,3.31,HIGH_LOAD
100.72,201.52,22.75,34.82,58.4,356,0.53,NORMAL
79.0,203.87,25.71,40.8,51.82,404,0.42,NORMAL
110.08,214.51,37.67,42.55,34.77,479,0.52,NORMAL
315.67,374.66,79.4,80.76,228.34,1820,1.07,WARNING
602.97,609.65,90.33,87.81,325.2,2441,2.77,HIGH_LOAD
244.34,643.47,59.12,79.08,232.3,1167,1.77,WARNING
101.4,201.4,41.75,32.34,53.41,352,0.43,NORMAL
215.75,665.26,70.65,85.14,82.08,1883,1.52,WARNING
111.19,173.17,16.44,37.6,50.17,552,0.67,NORMAL
104.03,191.23,22.19,35.12,19.21,427,0.39,NORMAL
645.52,1353.5,90.85,75.29,429.75,3148,3.41,HIGH_LOAD
120.43,162.64,39.09,49.39,61.35,486,0.4,NORMAL
110.2,228.38,42.37,30.99,42.56,339,0.44,NORMAL
92.72,168.63,26.52,17.47,47.16,484,0.46,NORMAL
623.11,1261.05,86.65,83.78,489.38,3110,3.37,HIGH_LOAD
338.83,630.62,73.27,82.26,226.3,1778,0.87,WARNING
206.85,770.2,62.59,76.25,247.95,1124,1.79,WARNING
112.17,205.25,19.48,30.22,49.23,422,0.32,NORMAL
107.68,235.82,10.51,52.69,65.08,526,0.44,NORMAL
106.57,212.97,9.62,29.44,52.46,532,0.32,NORMAL
105.48,242.37,24.63,30.89,64.9,471,0.13,NORMAL
278.09,535.14,52.33,81.67,58.99,1750,1.87,WARNING
105.83,287.58,56.17,25.09,51.82,455,0.55,NORMAL
781.49,1208.25,84.38,90.41,415.06,3075,2.81,HIGH_LOAD
103.1,179.77,33.06,47.04,54.65,663,0.94,NORMAL
119.4,150.19,14.47,50.05,27.42,540,0.43,NORMAL
295.73,698.83,73.4,62.24,213.95,1544,1.85,WARNING
112.55,237.97,35.66,40.36,53.99,440,0.33,NORMAL
107.65,211.57,40.08,33.75,46.73,582,0.69,NORMAL
320.71,850.17,72.18,83.51,244.18,1451,1.05,WARNING
107.54,196.3,11.96,30.99,39.12,372,0.52,NORMAL
128.47,235.35,25.65,31.25,69.17,462,0.36,NORMAL
304.18,615.73,70.97,79.52,231.41,1789,1.93,WARNING
324.93,544.95,69.4,79.04,155.7,1732,1.1,WARNING
101.66,276.48,29.93,53.01,57.58,597,0.4,NORMAL
117.87,238.06,51.06,47.64,61.86,516,0.4,NORMAL
88.76,148.99,46.59,50.79,38.41,442,0.93,NORMAL
85.69,145.61,36.0,31.39,40.93,291,0.44,NORMAL
81.53,159.65,30.76,43.21,71.03,441,0.82,NORMAL
95.24,221.38,1.0,53.5,60.8,552,0.38,NORMAL
311.73,561.91,59.94,60.32,184.43,1594,1.9,WARNING
98.43,202.78,31.67,47.33,70.5,531,0.32,NORMAL
129.53,269.23,37.21,47.68,61.11,387,0.63,NORMAL
551.98,1240.84,90.35,85.91,394.5,2639,5.49,HIGH_LOAD
112.11,240.94,35.3,25.34,78.34,575,0.12,NORMAL
115.8,110.75,23.67,54.06,56.63,321,0.35,NORMAL
101.51,173.32,41.58,26.93,39.31,544,0.1,NORMAL
106.93,97.78,14.87,26.95,69.27,452,0.5,NORMAL
338.41,623.77,55.59,49.08,292.58,1321,1.79,WARNING
349.73,270.95,66.7,72.0,272.24,1673,2.12,WARNING
112.58,199.45,13.71,53.82,57.14,830,0.92,NORMAL
389.28,602.88,62.85,78.66,182.31,1525,2.06,WARNING
117.3,159.27,23.04,49.25,36.29,385,0.58,NORMAL
87.16,165.57,39.08,50.9,39.96,580,0.89,NORMAL
119.33,176.01,44.24,42.56,44.73,590,0.76,NORMAL
85.74,217.6,20.71,32.49,57.82,615,0.21,NORMAL
654.86,1051.03,87.13,86.76,438.25,2427,4.22,HIGH_LOAD
122.23,166.69,39.47,48.21,50.08,347,0.74,NORMAL
375.77,594.01,63.7,77.7,159.78,1366,2.05,WARNING
307.98,319.65,75.21,78.22,234.92,1835,1.46,WARNING
67.64,239.65,28.21,29.96,43.27,505,0.67,NORMAL
183.14,473.84,62.97,69.45,178.95,1527,1.49,WARNING
76.33,179.19,50.55,40.59,61.12,563,0.56,NORMAL
89.12,204.7,30.4,28.57,38.5,321,0.32,NORMAL
113.3,229.13,30.41,33.6,47.6,396,0.43,NORMAL
73.35,254.91,53.08,32.56,45.23,494,0.36,NORMAL
68.15,213.9,18.72,39.66,48.28,533,0.64,NORMAL
491.86,418.33,85.99,92.28,459.8,3372,4.69,HIGH_LOAD
322.72,1255.08,100.0,87.61,743.9,3188,3.34,HIGH_LOAD
264.54,443.72,84.44,70.55,214.4,1419,1.39,WARNING
139.53,121.03,35.26,47.46,51.06,769,0.31,NORMAL
384.3,754.08,67.3,56.82,224.95,1582,1.51,WARNING
264.59,597.44,41.47,73.01,88.18,1597,2.08,WARNING
309.51,569.21,64.7,84.63,207.35,1841,1.14,WARNING
106.72,205.72,31.87,32.51,30.72,546,0.33,NORMAL
318.67,643.64,56.44,71.11,233.71,1954,1.79,WARNING
301.35,477.59,66.62,68.98,151.26,1502,2.2,WARNING
286.44,398.35,53.45,61.19,238.21,2091,2.05,WARNING
87.24,165.37,36.95,44.44,41.95,412,0.62,NORMAL
355.45,480.04,65.2,59.32,197.45,1432,1.48,WARNING
88.25,144.59,29.28,52.93,39.53,641,0.33,NORMAL
62.32,300.96,30.92,36.0,6.32,355,0.65,NORMAL
318.26,548.79,70.55,38.04,186.92,1298,2.34,WARNING
99.4,185.23,43.22,39.53,52.75,320,0.35,NORMAL
509.85,1108.81,96.5,91.97,348.02,2791,3.86,HIGH_LOAD
614.51,1408.55,75.23,87.38,413.34,3174,6.13,HIGH_LOAD
93.39,290.91,30.48,50.15,65.14,517,0.3,NORMAL
113.62,218.01,15.71,48.25,73.3,503,0.37,NORMAL
109.04,172.12,37.87,32.57,64.01,552,0.45,NORMAL
291.06,634.73,67.62,66.69,244.02,1599,1.37,WARNING
91.4,133.52,44.28,46.34,56.11,318,0.56,NORMAL
74.83,180.72,35.95,25.94,45.53,561,0.58,NORMAL
306.68,918.12,53.53,65.87,319.05,1136,1.65,WARNING
94.53,196.81,24.78,59.19,31.35,394,0.43,NORMAL
279.13,692.84,74.91,64.06,181.2,1911,1.2,WARNING
65.85,225.09,26.57,32.27,61.1,648,0.72,NORMAL
76.4,173.12,33.41,34.82,71.04,558,0.68,NORMAL
116.49,197.69,42.94,32.25,51.87,421,0.44,NORMAL
87.92,83.27,26.65,26.82,60.09,552,0.44,NORMAL
264.42,488.29,86.5,59.95,254.18,1283,1.15,WARNING
455.99,1407.36,88.98,84.83,599.37,3291,3.21,HIGH_LOAD
70.17,233.45,52.63,34.95,43.5,555,0.39,NORMAL
251.32,418.47,63.25,60.65,235.48,1357,1.07,WARNING
113.95,168.6,29.84,37.29,27.63,460,0.48,NORMAL
335.82,672.31,69.27,68.09,117.05,1102,0.96,WARNING
666.96,532.22,86.31,100.0,681.91,3233,4.41,HIGH_LOAD
548.12,1041.06,85.83,91.99,452.62,3066,1.98,HIGH_LOAD
589.09,1111.93,92.72,98.01,421.17,2564,1.36,HIGH_LOAD
98.33,275.33,43.89,29.19,58.08,303,0.57,NORMAL
307.09,470.21,78.59,59.8,208.03,1669,1.68,WARNING
100.97,198.92,40.84,34.24,47.76,579,0.45,NORMAL
559.33,1256.58,83.4,80.34,387.1,4196,4.08,HIGH_LOAD
88.93,139.83,17.68,33.89,62.26,509,0.64,NORMAL
372.21,630.49,75.58,66.87,205.5,1990,1.08,WARNING
331.21,808.61,76.45,75.32,198.06,1597,1.84,WARNING
69.79,175.58,14.12,31.31,72.38,312,0.18,NORMAL
262.31,596.12,65.55,78.59,185.3,1264,1.95,WARNING
96.17,188.73,44.2,41.87,45.16,611,0.27,NORMAL
88.71,187.45,31.83,42.85,75.56,518,0.22,NORMAL
235.07,856.46,53.29,68.73,158.4,1678,1.44,WARNING
109.17,246.87,37.72,57.18,55.12,634,0.63,NORMAL
355.09,691.86,53.61,87.01,290.22,1429,1.35,WARNING
102.61,203.63,37.17,45.2,34.71,420,0.63,NORMAL
706.02,1301.93,87.68,89.1,325.4,2908,4.05,HIGH_LOAD
111.45,237.76,34.53,40.68,77.84,646,0.68,NORMAL
539.77,1237.67,99.33,88.39,584.11,3614,4.31,HIGH_LOAD
117.83,237.41,34.44,44.81,56.91,429,0.58,NORMAL
106.44,146.16,16.17,19.07,72.62,551,0.62,NORMAL
316.84,894.89,75.84,64.37,192.42,1149,1.98,WARNING
565.14,1116.36,89.03,96.39,361.61,2701,2.82,HIGH_LOAD
496.97,879.97,91.02,93.3,293.56,2733,3.53,HIGH_LOAD
104.72,186.0,44.75,25.53,44.98,430,0.27,NORMAL
67.08,211.99,31.3,38.37,37.0,522,0.58,NORMAL
620.35,1122.81,92.86,96.94,388.06,2763,4.91,HIGH_LOAD
61.09,185.54,15.24,17.01,51.2,554,0.57,NORMAL
640.65,1043.44,83.56,84.65,406.49,3542,3.38,HIGH_LOAD
354.88,524.86,50.34,82.44,242.59,1453,1.87,WARNING
81.54,230.64,40.57,33.04,67.94,588,0.61,NORMAL
315.89,565.64,64.6,56.31,215.91,1808,1.06,WARNING
108.51,143.89,17.3,51.96,40.8,466,0.79,NORMAL
108.68,248.42,14.92,55.06,55.1,576,0.73,NORMAL
293.69,638.3,63.94,67.32,283.15,1661,2.08,WARNING
135.46,248.02,36.89,50.25,26.46,406,0.79,NORMAL
649.6,1412.25,89.73,83.52,587.08,3371,2.96,HIGH_LOAD
130.54,187.41,35.7,33.2,45.33,401,0.71,NORMAL
95.23,154.89,12.58,51.4,64.56,372,0.53,NORMAL
88.94,252.33,25.14,41.97,42.54,626,0.47,NORMAL
84.76,306.61,13.48,32.37,71.7,524,0.54,NORMAL
80.0,155.36,34.14,58.04,32.05,568,0.71,NORMAL
108.73,207.5,29.48,31.27,52.47,613,0.47,NORMAL
387.79,1420.99,85.92,96.24,485.47,2760,3.64,HIGH_LOAD
126.57,201.59,31.41,38.74,77.34,405,0.86,NORMAL
82.14,251.25,16.1,38.99,67.09,452,0.38,NORMAL
114.1,165.8,21.41,29.18,32.32,535,0.56,NORMAL
185.95,932.72,65.16,50.21,139.75,1349,0.99,WARNING
117.28,235.9,35.83,46.76,67.59,501,0.66,NORMAL
508.88,833.5,85.42,91.31,537.3,2501,3.79,HIGH_LOAD
100.28,220.11,22.09,37.18,35.84,449,0.47,NORMAL
108.73,174.86,40.04,49.04,70.95,674,0.69,NORMAL
103.39,200.8,30.41,45.55,70.15,437,0.44,NORMAL
262.83,757.9,70.16,59.97,194.5,1009,2.04,WARNING
90.55,122.78,33.26,53.61,50.58,521,0.74,NORMAL
98.44,209.14,31.13,45.28,62.56,507,0.6,NORMAL
261.07,551.17,59.92,56.59,115.9,1894,1.12,WARNING
677.51,1442.56,94.29,85.12,720.58,2807,4.65,HIGH_LOAD
80.84,140.64,23.52,20.88,46.69,364,0.54,NORMAL
272.14,669.8,58.61,65.99,303.56,1173,1.5,WARNING
124.31,166.98,41.73,35.24,35.83,516,0.23,NORMAL
95.63,233.2,41.78,48.75,47.84,665,0.88,NORMAL
70.64,153.33,33.31,45.07,18.0,709,0.38,NORMAL
350.74,658.2,63.77,70.28,140.82,1575,2.38,WARNING
84.17,311.62,23.78,55.36,69.48,561,0.87,NORMAL
123.15,130.66,7.44,49.27,48.68,644,0.33,NORMAL
89.14,185.45,27.91,34.68,58.94,494,0.63,NORMAL
101.7,261.16,16.18,36.99,51.71,476,0.2,NORMAL
80.56,142.25,40.29,30.78,86.28,496,0.75,NORMAL
122.5,285.07,28.03,40.21,67.76,273,0.47,NORMAL
684.49,1440.7,93.1,96.05,471.01,2560,4.16,HIGH_LOAD
240.31,757.95,65.24,61.5,180.06,1273,1.7,WARNING
122.14,228.83,25.94,32.01,67.56,394,0.36,NORMAL
359.14,699.9,73.03,65.87,181.25,1302,0.98,WARNING
682.21,968.11,84.65,94.83,556.03,2006,3.72,HIGH_LOAD
121.36,269.52,34.24,48.1,50.88,546,0.24,NORMAL
275.63,807.82,73.74,69.88,135.79,1330,2.14,WARNING
111.58,253.45,29.83,34.64,54.8,541,0.55,NORMAL
256.66,655.17,69.46,51.99,182.94,2191,1.65,WARNING
594.46,853.6,97.06,95.58,460.08,2177,3.45,HIGH_LOAD
301.18,694.8,52.83,61.66,227.13,1877,1.69,WARNING
97.31,195.7,36.05,29.47,51.19,725,0.66,NORMAL
626.45,1388.2,95.81,89.26,503.09,2247,4.31,HIGH_LOAD
115.6,236.37,44.65,43.18,41.67,489,0.27,NORMAL
197.01,728.75,66.67,89.85,83.2,1255,1.34,WARNING
84.83,121.43,43.16,35.51,63.58,487,0.51,NORMAL
242.65,537.26,64.58,75.07,227.26,1766,1.58,WARNING
97.45,200.01,28.16,52.06,50.19,532,0.7,NORMAL
678.76,1212.35,81.31,88.21,480.01,3371,1.84,HIGH_LOAD
246.54,498.29,60.62,52.07,223.38,1608,1.31,WARNING
86.13,216.19,47.68,49.61,22.08,423,0.55,NORMAL
363.32,332.5,54.78,73.09,256.07,1708,1.82,WARNING
334.06,581.72,71.33,63.36,225.21,1642,0.95,WARNING
110.21,236.51,33.22,30.66,55.94,697,0.22,NORMAL
685.62,1214.06,91.0,85.21,567.1,3165,4.53,HIGH_LOAD
69.02,189.46,25.12,44.46,67.56,498,0.34,NORMAL
92.66,276.89,26.76,37.73,63.83,487,0.7,NORMAL
340.47,685.12,67.96,52.37,214.01,1533,1.91,WARNING
97.4,263.58,31.66,49.96,63.33,535,0.62,NORMAL
382.98,1005.2,85.42,87.3,545.06,2174,3.08,HIGH_LOAD
102.34,156.37,22.5,45.88,60.83,434,0.47,NORMAL
126.3,154.45,19.88,57.51,31.49,595,0.4,NORMAL
365.84,414.28,61.42,51.05,357.02,1455,1.92,WARNING
252.15,550.24,66.93,48.07,182.43,1747,1.49,WARNING
99.73,133.25,35.28,46.04,25.1,508,0.99,NORMAL
736.84,1195.69,95.08,78.92,486.98,2988,4.59,HIGH_LOAD
103.32,285.76,27.2,41.13,38.77,372,0.49,NORMAL
73.24,239.83,47.65,39.99,62.37,404,0.64,NORMAL
694.09,1161.85,89.72,87.49,436.2,3141,4.0,HIGH_LOAD
112.2,192.18,46.41,44.9,50.01,390,0.67,NORMAL
344.45,680.35,75.55,66.66,152.0,1609,1.06,WARNING
103.69,152.3,15.37,42.94,5.0,580,0.28,NORMAL
737.19,927.1,96.76,94.57,521.23,3120,3.26,HIGH_LOAD
345.65,778.03,68.85,67.87,145.29,1432,1.17,WARNING
101.84,175.74,22.53,31.54,68.55,453,0.25,NORMAL
102.23,220.98,28.2,56.99,43.78,419,0.58,NORMAL
270.66,620.19,58.12,68.01,150.5,1436,1.77,WARNING
79.05,138.23,36.28,30.45,54.58,576,0.52,NORMAL
76.16,133.22,35.57,57.44,35.06,622,0.51,NORMAL
93.65,198.73,26.14,23.62,25.25,414,0.41,NORMAL
669.01,1478.42,87.49,91.01,604.0,3197,3.4,HIGH_LOAD
92.72,227.26,17.33,20.26,39.96,251,0.27,NORMAL
103.6,232.52,45.86,40.38,58.47,451,0.54,NORMAL
103.07,242.42,32.08,36.13,54.79,539,0.21,NORMAL
238.2,548.91,68.05,62.34,115.15,1812,0.78,WARNING
100.27,112.24,53.56,47.6,16.33,348,0.24,NORMAL
94.35,237.71,41.91,41.97,55.17,618,0.48,NORMAL
498.58,762.15,86.02,83.39,649.87,2265,4.26,HIGH_LOAD
115.35,183.53,36.01,58.62,46.81,474,0.62,NORMAL
100.88,183.78,38.14,34.05,54.94,409,0.29,NORMAL
94.71,231.51,23.42,60.99,34.55,514,0.62,NORMAL
87.03,133.49,28.25,46.72,62.41,478,0.57,NORMAL
96.31,238.73,23.33,40.33,55.38,678,0.39,NORMAL
663.2,1208.21,92.81,83.47,531.1,3591,4.29,HIGH_LOAD
106.43,179.57,24.72,30.2,30.99,516,0.8,NORMAL
595.9,1591.69,91.28,93.77,629.95,3024,2.17,HIGH_LOAD
70.56,161.63,21.6,34.89,5.0,709,0.61,NORMAL
88.98,210.39,19.72,56.72,57.05,771,0.12,NORMAL
109.71,264.98,52.03,46.32,51.89,550,0.42,NORMAL
76.72,238.07,28.79,49.49,44.31,474,0.3,NORMAL
361.63,719.2,67.63,69.97,147.06,845,1.55,WARNING
68.31,231.77,12.52,40.93,56.52,639,0.68,NORMAL
125.41,196.19,33.76,46.06,57.39,545,1.04,NORMAL
109.57,259.89,36.19,48.8,36.51,312,0.6,NORMAL
107.04,198.63,23.38,28.59,54.62,492,0.61,NORMAL
84.19,214.61,30.86,35.15,46.22,526,0.71,NORMAL
662.4,1497.04,100.0,90.8,444.91,4335,3.83,HIGH_LOAD
269.64,779.49,70.63,58.71,228.22,2025,1.83,WARNING
281.09,760.18,69.81,72.87,169.66,1421,1.87,WARNING
109.01,248.16,28.82,39.06,49.42,417,0.74,NORMAL
120.61,201.74,34.15,54.22,64.98,408,0.46,NORMAL
708.21,1483.7,90.67,89.28,600.36,1672,3.69,HIGH_LOAD
293.95,380.09,67.83,60.41,233.71,1714,1.0,WARNING
439.93,610.16,64.99,79.48,236.37,1290,1.32,WARNING
62.6,254.4,23.7,40.96,15.51,516,0.1,NORMAL
110.38,188.83,32.22,50.5,51.62,498,0.29,NORMAL
99.61,187.69,44.57,28.76,40.68,308,0.8,NORMAL
100.74,237.23,40.21,28.23,54.25,429,0.35,NORMAL
97.59,142.35,23.87,31.93,72.74,357,0.1,NORMAL
96.23,252.45,28.85,37.34,40.04,574,0.69,NORMAL
106.6,155.55,27.58,49.24,26.43,335,0.42,NORMAL
92.43,156.82,38.64,43.34,37.05,504,0.23,NORMAL
66.86,277.37,48.13,30.6,46.45,378,0.23,NORMAL
107.77,236.25,47.46,57.05,62.67,587,0.59,NORMAL
315.19,719.25,47.06,58.79,244.41,1762,0.88,WARNING
742.97,948.94,91.28,86.86,384.98,1534,5.08,HIGH_LOAD
119.28,223.32,31.27,47.53,29.96,684,0.56,NORMAL
114.79,138.72,29.05,59.44,49.33,509,0.47,NORMAL
73.28,159.08,26.85,36.46,60.84,468,0.78,NORMAL
89.88,189.28,55.45,55.08,46.29,527,0.23,NORMAL
87.99,180.65,29.18,58.15,51.51,665,0.54,NORMAL
307.83,568.9,73.78,78.16,241.07,1417,1.39,WARNING
90.12,241.75,39.36,50.95,77.57,542,0.45,NORMAL
270.96,737.51,66.28,83.58,164.32,1612,1.03,WARNING
267.41,468.05,66.38,85.33,243.6,1317,1.26,WARNING
123.97,135.78,41.21,30.06,76.95,241,0.54,NORMAL
107.43,343.7,15.99,35.15,56.42,472,0.19,NORMAL
314.94,632.6,76.86,65.51,160.85,2084,1.43,WARNING
219.81,795.16,76.03,68.44,195.67,1827,2.17,WARNING
99.0,287.79,29.43,51.79,68.73,369,0.59,NORMAL
87.14,153.83,25.23,46.87,60.44,519,0.5,NORMAL
123.32,228.51,26.88,33.9,47.5,659,0.37,NORMAL
242.32,369.37,71.06,55.24,182.42,2084,1.95,WARNING
408.03,1172.11,83.51,85.99,493.24,2032,3.98,HIGH_LOAD
79.14,185.53,21.16,37.8,23.64,531,0.1,NORMAL
85.67,98.28,33.84,39.81,81.51,473,0.1,NORMAL
76.08,138.54,49.25,42.86,37.26,646,0.14,NORMAL
119.55,214.08,28.83,46.16,54.55,535,0.52,NORMAL
100.92,229.24,31.11,25.22,29.83,608,0.44,NORMAL
73.36,79.84,13.78,42.33,44.66,587,0.44,NORMAL
108.87,271.98,40.56,24.9,53.46,422,0.93,NORMAL
81.86,230.29,32.63,30.51,106.66,514,0.38,NORMAL
115.0,162.73,26.13,48.9,87.91,464,0.66,NORMAL
302.43,760.35,62.84,55.9,198.02,1608,0.77,WARNING
528.8,1417.22,95.71,87.36,248.98,2980,3.51,HIGH_LOAD
76.41,216.42,38.52,44.9,47.02,595,0.6,NORMAL
428.37,1256.54,85.49,87.59,257.02,3117,3.52,HIGH_LOAD
321.56,748.0,72.7,61.25,121.18,973,1.59,WARNING
691.27,1658.19,93.73,94.5,569.4,1946,4.46,HIGH_LOAD
288.51,583.11,58.35,53.87,177.76,1428,1.41,WARNING
54.13,212.16,22.3,45.44,60.22,738,0.73,NORMAL
82.71,108.44,39.22,47.03,53.25,394,0.36,NORMAL
265.24,808.66,68.18,74.14,152.57,1521,1.14,WARNING
91.0,250.55,39.53,44.21,45.2,471,0.64,NORMAL
207.83,469.12,66.4,63.43,245.38,1252,1.82,WARNING
341.49,562.22,55.28,64.93,255.99,1606,1.52,WARNING
125.36,201.51,22.21,34.9,7.34,360,0.63,NORMAL
251.25,690.61,67.77,67.76,249.4,2554,1.64,WARNING
502.48,1032.23,85.54,94.69,648.24,3468,4.29,HIGH_LOAD
107.27,259.18,35.1,36.9,47.1,596,0.47,NORMAL
97.8,221.71,37.37,37.01,70.83,464,0.8,NORMAL
118.77,173.97,29.83,34.75,22.73,554,0.35,NORMAL
246.46,587.74,82.12,68.71,151.25,1727,1.32,WARNING
77.39,161.69,17.1,42.7,56.7,507,0.57,NORMAL
77.03,189.12,41.93,28.04,15.25,562,0.44,NORMAL
316.65,656.5,59.25,63.2,190.88,1597,2.01,WARNING
94.96,169.67,36.42,32.4,34.64,601,0.3,NORMAL
108.12,278.34,44.9,55.69,42.81,430,0.88,NORMAL
323.37,366.19,63.63,77.87,246.71,1085,2.2,WARNING
97.89,268.78,18.02,49.87,59.44,373,0.49,NORMAL
91.8,157.34,30.71,59.31,61.07,435,0.51,NORMAL
100.1,288.05,22.41,58.79,49.94,586,0.69,NORMAL
75.81,216.17,48.33,25.21,33.35,399,0.31,NORMAL
647.73,1374.58,95.16,93.72,492.86,2998,4.53,HIGH_LOAD
135.1,204.46,25.49,19.91,46.73,435,0.54,NORMAL
811.56,830.31,95.53,92.9,406.8,2910,3.21,HIGH_LOAD
121.88,254.6,24.86,49.0,39.19,444,0.36,NORMAL
298.57,594.58,51.93,80.72,266.29,1714,1.57,WARNING
443.78,956.22,93.21,83.56,422.0,2697,5.29,HIGH_LOAD
117.48,182.76,14.66,41.52,55.82,441,0.75,NORMAL
214.16,515.17,76.88,68.5,151.62,1409,1.11,WARNING
662.82,1418.26,91.29,89.99,547.71,2654,3.02,HIGH_LOAD
80.67,175.25,31.33,34.5,70.73,618,0.74,NORMAL
102.67,247.99,28.23,37.19,13.26,592,0.36,NORMAL
133.48,278.27,22.73,27.8,43.57,606,0.43,NORMAL
316.51,609.49,74.82,75.12,253.53,1063,1.34,WARNING
523.45,1450.23,85.72,95.9,551.73,3314,3.09,HIGH_LOAD
110.17,256.04,43.44,41.62,25.76,568,0.38,NORMAL
92.41,337.44,24.86,50.0,80.91,393,0.56,NORMAL
303.39,459.49,76.13,72.31,153.84,1343,0.65,WARNING
215.48,572.56,58.06,78.79,157.44,1133,1.61,WARNING
264.6,611.95,58.11,64.94,122.32,1646,1.74,WARNING
735.97,1441.44,85.44,87.69,534.29,3909,3.11,HIGH_LOAD
305.49,525.4,60.39,61.49,270.47,1558,0.91,WARNING
118.78,187.83,37.03,49.94,50.27,747,0.66,NORMAL
86.92,261.0,26.29,45.33,71.69,367,0.6,NORMAL
113.89,195.29,24.37,51.22,57.12,505,0.36,NORMAL
402.82,1405.29,95.88,81.0,525.04,2350,2.82,HIGH_LOAD
616.2,1040.19,96.42,89.22,345.25,2759,3.8,HIGH_LOAD
586.18,619.09,90.02,85.71,472.39,3682,3.18,HIGH_LOAD
65.13,229.22,40.91,42.5,63.86,444,0.15,NORMAL
126.39,193.4,15.07,40.7,49.33,578,0.53,NORMAL
92.39,151.64,36.69,35.79,48.94,448,0.46,NORMAL
370.31,719.04,72.31,74.77,191.91,1311,2.17,WARNING
97.21,323.85,23.29,56.7,61.02,409,0.51,NORMAL
330.81,716.38,58.88,61.13,115.71,1616,2.01,WARNING
101.74,194.52,24.1,40.19,47.35,579,0.74,NORMAL
222.63,434.31,73.33,66.63,216.84,1224,1.11,WARNING
333.38,819.12,73.24,70.17,266.68,1842,2.07,WARNING
55.65,182.91,38.51,50.97,9.92,466,0.32,NORMAL
546.01,1118.85,84.39,89.73,410.15,2864,4.57,HIGH_LOAD
74.62,143.7,34.51,49.6,43.49,625,0.49,NORMAL
236.42,589.42,58.24,77.13,207.59,1294,1.36,WARNING
272.53,738.09,47.77,62.58,199.02,688,1.29,WARNING
126.86,286.3,23.4,32.21,57.64,395,0.21,NORMAL
62.73,117.7,29.71,35.12,55.38,566,0.61,NORMAL
99.49,173.18,16.42,36.3,77.43,414,0.46,NORMAL
114.66,205.94,43.0,40.63,44.99,568,0.63,NORMAL
116.19,156.47,30.79,34.23,71.18,453,0.83,NORMAL
101.09,139.5,23.98,44.8,69.15,678,0.65,NORMAL
71.89,229.56,21.97,45.04,50.5,483,0.53,NORMAL
298.47,561.08,85.61,78.23,227.74,1295,1.04,WARNING
450.12,1233.26,83.96,82.55,504.87,3570,4.4,HIGH_LOAD
88.41,203.41,32.54,36.39,31.82,553,0.5,NORMAL
298.64,257.51,80.64,61.7,223.11,1814,1.5,WARNING
471.59,1149.41,98.29,88.18,432.85,2975,3.8,HIGH_LOAD
261.28,1490.07,97.99,94.29,464.58,2958,3.95,HIGH_LOAD
249.3,559.26,67.79,73.55,195.9,1767,1.36,WARNING
86.67,263.09,34.47,35.94,47.51,464,0.8,NORMAL
113.49,226.28,21.07,36.7,54.26,334,0.48,NORMAL
85.11,272.68,23.13,29.74,48.37,603,0.21,NORMAL
131.39,187.55,13.48,47.7,42.94,461,0.3,NORMAL
80.37,111.4,23.3,24.66,90.93,363,0.54,NORMAL
118.49,244.3,24.85,20.16,58.1,354,0.34,NORMAL
105.88,203.62,38.32,38.1,45.79,649,0.69,NORMAL
91.6,263.97,14.03,30.75,50.56,451,0.56,NORMAL
92.01,217.6,25.54,49.66,37.91,575,0.5,NORMAL
266.92,1325.19,92.98,80.15,439.31,1804,4.86,HIGH_LOAD
93.48,246.74,20.42,34.25,39.03,257,0.53,NORMAL
100.82,196.82,47.0,42.69,32.28,320,0.75,NORMAL
256.71,640.66,52.33,63.31,153.09,1607,1.14,WARNING
389.33,498.28,61.09,78.04,254.21,1501,1.05,WARNING
667.72,1379.12,82.28,94.84,590.84,3355,3.35,HIGH_LOAD
329.74,568.94,89.21,73.12,111.06,1402,2.37,WARNING
126.54,191.93,34.19,32.01,21.39,479,0.21,NORMAL
838.2,910.12,91.14,93.27,339.31,3128,3.52,HIGH_LOAD
113.36,231.46,17.83,27.08,57.17,647,0.39,NORMAL
85.3,251.25,21.57,35.37,51.68,530,0.1,NORMAL
295.46,763.14,60.87,52.77,226.7,1475,1.51,WARNING
263.14,653.2,66.08,68.18,201.79,1646,1.42,WARNING
96.84,246.55,40.16,25.33,50.13,660,0.45,NORMAL
250.8,567.16,70.21,68.48,212.5,1713,1.27,WARNING
93.79,258.22,27.3,42.53,76.77,540,0.63,NORMAL
106.74,222.7,23.76,39.97,44.47,654,0.69,NORMAL
134.34,195.11,31.47,43.3,38.69,388,0.4,NORMAL
117.0,255.52,15.78,58.16,67.14,471,0.34,NORMAL
324.82,458.86,70.36,80.25,154.77,1779,1.22,WARNING
635.6,1439.25,100.0,89.25,536.31,3447,3.16,HIGH_LOAD
100.28,189.32,28.55,58.23,51.21,734,0.57,NORMAL
83.9,181.5,27.4,37.06,58.26,530,0.46,NORMAL
315.75,577.41,66.87,82.82,195.61,2123,1.03,WARNING
276.59,696.69,46.0,84.66,180.84,1942,1.46,WARNING
101.49,250.55,18.03,56.73,40.68,405,0.8,NORMAL
96.73,180.34,34.57,42.08,77.42,554,0.41,NORMAL
124.08,169.5,38.6,29.03,62.84,452,0.34,NORMAL
112.81,169.87,22.79,48.02,34.97,524,0.51,NORMAL
368.99,924.6,50.12,72.0,128.87,2236,2.08,WARNING
718.04,1611.1,90.89,86.81,314.2,2109,3.31,HIGH_LOAD
66.56,170.99,15.97,52.92,64.27,343,0.42,NORMAL
98.88,166.87,29.06,34.95,52.67,583,0.47,NORMAL
699.21,1375.03,87.32,88.93,703.6,2791,2.67,HIGH_LOAD
117.47,194.05,29.35,39.66,39.58,640,0.71,NORMAL
87.09,210.34,32.76,60.87,51.93,376,0.38,NORMAL
95.01,204.25,18.7,33.66,63.18,374,0.85,NORMAL
220.68,475.37,67.9,72.78,255.46,1316,1.78,WARNING
596.52,1768.04,88.58,96.71,598.35,2446,3.8,HIGH_LOAD
368.44,774.04,78.59,64.72,220.83,1559,1.95,WARNING
148.6,176.12,43.65,41.62,45.78,532,0.3,NORMAL
60.76,198.39,32.44,50.39,51.6,563,0.49,NORMAL
528.65,1209.02,98.28,85.78,452.99,2493,2.62,HIGH_LOAD
75.09,143.51,33.93,38.19,34.56,360,1.02,NORMAL
313.93,393.6,62.68,78.11,246.9,1811,1.61,WARNING
108.1,230.08,40.68,49.61,73.76,324,0.68,NORMAL
316.52,429.34,57.96,66.1,236.6,1687,1.68,WARNING
681.34,1159.49,84.64,89.29,530.1,2601,2.8,HIGH_LOAD
332.31,597.59,73.58,76.34,150.26,1842,1.36,WARNING
379.12,1135.33,87.92,88.05,510.88,2465,3.22,HIGH_LOAD
101.75,173.21,12.2,46.2,47.26,473,0.69,NORMAL
312.93,864.23,65.36,74.58,131.49,1498,1.98,WARNING
302.25,716.31,60.63,56.74,221.53,1297,1.15,WARNING
377.25,538.36,70.18,67.43,168.51,1938,1.4,WARNING
490.34,745.88,83.89,92.59,447.57,2542,2.53,HIGH_LOAD
60.87,196.26,43.62,40.16,57.52,553,0.51,NORMAL
104.27,225.3,43.02,55.33,72.53,420,0.65,NORMAL
87.02,294.49,25.95,32.02,54.8,490,0.56,NORMAL
602.76,1204.2,94.63,89.02,583.04,2630,2.9,HIGH_LOAD
406.07,797.6,65.49,63.33,224.84,1152,2.37,WARNING
121.29,165.75,34.52,26.5,53.8,542,0.54,NORMAL
83.82,151.94,23.97,55.29,21.18,565,0.24,NORMAL
111.73,205.31,10.06,47.07,66.64,525,0.13,NORMAL
260.16,497.31,71.83,61.97,231.37,1565,1.71,WARNING
133.31,235.28,50.95,50.8,44.75,500,0.46,NORMAL
83.61,236.75,33.33,43.27,45.75,527,0.59,NORMAL
90.86,236.52,32.6,21.58,53.79,521,0.52,NORMAL
94.42,229.76,39.13,48.99,51.77,396,0.38,NORMAL
77.81,238.05,33.51,32.83,64.93,528,0.21,NORMAL
583.76,1260.32,78.85,88.68,382.19,2557,4.6,HIGH_LOAD
97.83,228.74,16.26,41.89,43.93,429,1.21,NORMAL
94.33,153.4,26.84,49.47,55.32,559,0.57,NORMAL
342.83,806.55,74.59,81.85,235.49,1024,1.7,WARNING
83.94,157.75,32.96,40.95,55.82,797,0.27,NORMAL
92.35,216.06,12.93,45.64,54.67,516,0.62,NORMAL
263.11,541.32,73.81,80.86,214.14,1452,1.19,WARNING
326.96,543.88,61.67,80.8,262.24,1335,1.43,WARNING
107.51,192.57,25.61,64.84,44.18,467,0.46,NORMAL
103.61,206.59,22.59,35.53,69.04,465,0.43,NORMAL
121.85,228.7,43.3,38.51,48.68,677,0.68,NORMAL
113.03,168.06,48.83,49.18,21.1,460,0.18,NORMAL
92.57,190.53,26.51,50.33,39.29,554,0.31,NORMAL
128.89,168.26,45.78,38.68,27.79,479,0.55,NORMAL
147.02,134.96,21.55,41.51,52.79,563,0.55,NORMAL
100.21,207.19,29.6,50.19,77.11,539,0.26,NORMAL
88.32,197.76,37.51,42.95,44.9,518,0.77,NORMAL
131.84,154.2,21.86,43.38,56.25,392,0.23,NORMAL
98.96,207.69,32.36,51.52,32.86,548,0.53,NORMAL
118.4,124.07,39.09,36.96,42.16,357,0.61,NORMAL
598.45,1387.38,90.16,90.32,524.26,2703,2.54,HIGH_LOAD
298.88,439.53,56.26,63.46,224.12,1207,1.32,WARNING
113.17,184.98,54.26,34.72,59.35,693,0.66,NORMAL
130.45,140.45,28.14,41.49,45.22,551,0.71,NORMAL
529.38,760.95,83.39,94.93,512.04,3107,2.84,HIGH_LOAD
100.36,219.58,34.85,37.08,61.3,625,0.38,NORMAL
104.92,231.47,41.09,38.95,42.3,634,0.37,NORMAL
40.04,173.95,25.95,67.66,69.06,400,0.4,NORMAL
127.97,198.55,37.07,42.5,49.32,502,0.6,NORMAL
59.97,110.58,25.21,28.17,60.35,421,0.19,NORMAL
644.94,1018.54,87.5,81.2,471.49,2763,3.56,HIGH_LOAD
274.49,770.62,53.25,74.35,193.54,1673,0.55,WARNING
428.72,1107.81,89.25,77.17,456.01,3894,3.51,HIGH_LOAD
466.0,1748.15,90.49,89.91,493.98,4043,4.57,HIGH_LOAD
106.88,245.52,22.09,43.54,60.99,448,0.52,NORMAL
104.08,157.9,34.31,57.45,27.13,379,0.1,NORMAL
91.12,157.72,28.64,39.52,68.83,696,0.54,NORMAL
542.68,1564.07,95.78,89.18,465.0,3130,1.9,HIGH_LOAD
115.7,77.91,18.22,29.04,37.95,665,0.45,NORMAL
97.27,177.57,42.81,49.87,38.99,475,0.72,NORMAL
103.41,165.73,14.58,48.86,56.95,528,0.59,NORMAL
106.23,200.26,22.03,43.48,86.48,503,0.66,NORMAL
105.51,196.38,16.65,38.76,74.54,582,0.32,NORMAL
104.82,149.91,24.46,41.09,32.35,577,0.52,NORMAL
107.19,242.32,43.06,50.09,46.38,527,0.75,NORMAL
101.97,133.98,21.44,44.59,44.56,683,0.4,NORMAL
122.41,289.49,41.14,34.08,27.18,553,0.39,NORMAL
304.95,629.27,66.69,58.4,190.35,1447,2.05,WARNING
92.43,233.01,11.92,38.6,59.15,534,0.36,NORMAL
104.25,306.92,26.46,45.55,59.7,631,0.29,NORMAL
344.76,645.41,76.2,71.93,239.7,1564,1.02,WARNING
716.16,1185.17,95.29,82.44,458.62,3585,3.9,HIGH_LOAD
325.38,645.47,67.46,75.59,229.53,1077,1.83,WARNING
94.51,139.01,26.76,57.89,26.2,343,0.66,NORMAL
199.82,365.93,53.82,85.48,110.64,1197,1.4,WARNING
341.59,680.7,72.22,83.22,168.7,1496,1.41,WARNING
124.32,204.01,37.21,42.56,70.45,530,0.4,NORMAL
127.53,177.09,33.03,45.4,48.91,592,0.33,NORMAL
167.59,508.78,59.31,67.13,333.23,2062,1.55,WARNING
309.41,809.07,83.35,66.25,145.26,1979,1.74,WARNING
117.63,234.93,23.1,44.41,45.4,469,0.38,NORMAL
103.27,146.22,37.91,33.19,36.29,486,0.66,NORMAL
146.71,218.85,37.1,29.44,35.29,595,0.59,NORMAL
550.43,1550.77,85.72,88.4,538.27,2569,2.1,HIGH_LOAD
96.4,132.46,32.56,48.57,19.76,531,0.63,NORMAL
99.64,232.94,38.87,13.56,55.62,463,0.78,NORMAL
91.61,167.27,47.22,54.22,35.52,613,0.58,NORMAL
88.11,195.01,28.3,61.44,54.66,457,0.28,NORMAL
337.27,602.51,61.97,76.6,193.38,1525,0.49,WARNING
291.81,668.98,56.87,55.05,138.11,1198,1.23,WARNING
492.87,1257.09,80.49,90.42,531.83,2835,3.45,HIGH_LOAD
127.4,174.94,35.05,61.5,38.94,650,0.35,NORMAL
436.12,388.1,55.31,67.3,354.83,1029,1.31,WARNING
61.91,94.5,33.54,24.58,49.1,361,0.75,NORMAL
285.85,674.45,61.91,79.02,128.92,908,1.59,WARNING
88.75,277.53,23.43,31.33,38.61,420,0.57,NORMAL
72.07,329.36,24.8,41.88,27.38,425,0.65,NORMAL
83.84,127.88,25.86,45.44,55.2,588,0.69,NORMAL
363.46,436.81,61.48,79.46,148.6,1520,0.77,WARNING
116.51,247.46,32.87,44.37,43.31,537,0.46,NORMAL
113.91,264.66,42.41,43.2,73.08,591,0.4,NORMAL
111.74,186.27,34.41,28.43,54.48,703,0.64,NORMAL
126.15,236.02,30.72,46.97,59.56,516,0.52,NORMAL
126.98,217.16,9.36,49.37,46.95,631,0.49,NORMAL
318.0,749.25,61.71,80.35,145.78,1498,1.83,WARNING
90.5,249.17,37.53,39.44,71.9,426,0.79,NORMAL
91.19,147.03,30.44,41.4,79.54,396,0.51,NORMAL
678.13,1513.83,85.35,99.67,417.55,2928,2.35,HIGH_LOAD
137.76,177.05,30.47,64.23,44.01,540,0.79,NORMAL
570.45,684.54,94.54,85.67,271.9,2373,4.15,HIGH_LOAD
276.4,664.24,60.09,73.0,146.8,1446,2.06,WARNING
678.13,1193.62,95.72,100.0,424.58,2719,3.54,HIGH_LOAD
683.46,1031.52,91.45,91.64,272.79,2205,3.02,HIGH_LOAD
122.95,444.78,79.47,69.8,137.12,1776,1.42,WARNING
107.39,300.71,14.36,42.25,34.38,418,0.64,NORMAL
129.18,178.11,31.33,45.88,51.53,590,0.89,NORMAL
601.4,1198.99,86.42,91.26,654.89,3743,1.94,HIGH_LOAD
92.1,212.94,30.13,38.59,48.97,528,0.6,NORMAL
119.01,155.02,37.29,31.52,46.95,531,0.61,NORMAL
515.83,724.67,94.88,80.74,371.85,3209,3.93,HIGH_LOAD
662.64,1514.35,90.97,90.32,624.62,3155,3.06,HIGH_LOAD
592.04,1564.63,91.15,94.13,696.47,3264,3.8,HIGH_LOAD
107.93,280.5,26.23,25.25,35.03,556,0.31,NORMAL
304.14,642.27,62.72,75.05,208.58,1772,1.76,WARNING
113.03,216.33,33.8,45.67,75.32,439,0.47,NORMAL
94.15,169.71,25.47,36.9,62.79,652,0.72,NORMAL
110.76,169.01,9.2,32.05,65.71,494,0.73,NORMAL
95.13,210.64,45.23,36.87,41.86,647,0.38,NORMAL
271.52,689.52,77.2,77.2,216.63,1131,1.56,WARNING
257.37,642.45,77.09,75.07,212.2,1430,0.91,WARNING
630.79,624.42,89.59,93.44,387.41,3803,2.8,HIGH_LOAD
368.19,749.52,65.06,60.25,300.07,1895,1.43,WARNING
306.15,678.98,80.84,73.29,193.87,1254,2.31,WARNING
76.92,188.09,17.5,37.49,78.43,754,0.6,NORMAL
307.82,599.84,83.91,77.07,154.84,984,1.57,WARNING
100.81,220.54,14.79,45.75,62.17,634,0.87,NORMAL
741.15,1209.08,83.34,91.99,685.67,3016,2.22,HIGH_LOAD
644.23,1562.48,85.39,85.95,367.94,4122,3.56,HIGH_LOAD
78.06,219.79,32.85,43.22,32.39,332,0.38,NORMAL
97.59,166.28,19.8,25.63,53.88,567,0.27,NORMAL
98.0,149.13,41.69,40.55,44.78,519,0.37,NORMAL
106.66,234.71,29.7,56.99,51.54,586,0.59,NORMAL
522.26,433.91,87.6,84.86,550.2,2146,3.29,HIGH_LOAD
118.82,176.74,18.12,44.24,54.73,532,0.43,NORMAL
442.99,1283.94,83.08,88.96,490.21,2383,3.79,HIGH_LOAD
291.79,424.21,71.81,79.89,245.18,1804,0.67,WARNING
89.71,159.79,32.62,25.1,37.76,415,0.46,NORMAL
125.49,187.57,52.94,52.67,35.15,451,0.71,NORMAL
89.88,210.34,17.9,38.85,27.46,479,0.25,NORMAL
107.64,247.43,38.22,42.86,39.5,443,0.97,NORMAL
96.04,222.18,13.5,30.18,51.96,508,0.58,NORMAL
705.37,1207.36,94.14,96.76,575.88,2895,3.51,HIGH_LOAD
94.63,198.59,7.96,29.21,46.6,567,0.1,NORMAL
250.0,716.06,77.13,67.13,175.74,1380,1.21,WARNING
466.18,943.71,92.46,91.07,570.43,3439,2.11,HIGH_LOAD
294.69,636.64,73.94,70.8,270.08,1669,1.6,WARNING
162.98,154.57,39.79,33.57,31.6,481,0.49,NORMAL
92.01,168.07,51.2,40.25,32.56,582,0.83,NORMAL
645.44,1603.94,95.24,91.83,582.49,2563,3.11,HIGH_LOAD
86.22,233.4,32.67,45.59,34.19,532,0.69,NORMAL
90.8,168.15,43.96,19.23,61.96,346,0.75,NORMAL
272.07,502.96,60.81,61.87,305.86,1349,1.12,WARNING
93.5,140.62,34.27,54.9,47.77,513,0.9,NORMAL
354.1,623.49,74.25,62.9,213.25,1826,1.88,WARNING
797.5,1294.61,86.42,90.96,594.22,3512,3.16,HIGH_LOAD
350.55,686.84,57.07,77.77,145.15,1245,1.62,WARNING
621.67,905.28,93.46,87.05,574.96,2862,2.12,HIGH_LOAD
384.87,718.47,56.75,73.23,203.48,1466,1.77,WARNING
653.6,814.33,89.06,87.94,432.85,2079,3.49,HIGH_LOAD
405.05,344.57,64.67,71.6,229.79,1412,1.59,WARNING
82.22,228.96,39.71,25.96,64.44,464,0.25,NORMAL
93.05,125.58,40.64,61.15,57.63,368,0.31,NORMAL
97.42,221.23,28.34,36.29,52.68,493,0.77,NORMAL
76.3,247.81,34.74,49.47,15.04,657,0.64,NORMAL
248.96,543.94,72.93,75.69,206.58,1447,1.98,WARNING
93.95,170.77,22.08,43.93,58.4,514,0.18,NORMAL
83.12,194.53,25.59,42.56,56.43,479,0.64,NORMAL
417.01,789.24,91.15,87.48,543.07,3399,2.94,HIGH_LOAD
284.78,507.99,59.0,73.73,154.67,1282,2.04,WARNING
280.64,717.96,59.99,63.02,177.48,1279,1.44,WARNING
113.67,49.47,38.17,44.89,20.51,544,0.84,NORMAL
102.13,236.79,31.88,44.89,27.81,419,0.58,NORMAL
94.86,126.99,26.13,37.1,92.33,607,0.73,NORMAL
102.99,199.84,18.53,44.18,37.1,350,0.18,NORMAL
379.71,676.61,90.89,71.45,228.81,1919,2.01,WARNING
717.87,1725.69,80.58,88.82,430.63,3585,3.25,HIGH_LOAD
102.03,90.89,39.26,39.18,76.2,443,0.12,NORMAL
342.45,701.32,56.72,66.73,145.62,1805,1.69,WARNING
117.77,267.74,27.12,36.16,81.67,552,0.69,NORMAL
245.31,512.45,60.2,62.98,187.14,1817,0.91,WARNING
92.11,188.88,30.49,44.63,55.85,463,0.67,NORMAL
102.3,266.51,5.18,25.65,55.75,533,0.49,NORMAL
110.2,264.19,5.14,51.2,61.87,545,0.1,NORMAL
120.18,264.73,23.83,49.14,60.15,516,0.62,NORMAL
112.05,253.87,38.37,47.24,42.28,591,0.27,NORMAL
417.03,851.93,56.12,58.33,185.47,1814,1.64,WARNING
93.99,157.7,20.98,32.32,29.41,449,0.76,NORMAL
311.08,468.6,58.26,77.44,198.04,1804,1.12,WARNING
672.62,1446.48,100.0,89.5,455.83,2677,2.12,HIGH_LOAD
129.4,165.42,16.82,38.11,49.93,403,0.87,NORMAL
94.6,198.71,24.5,39.19,31.11,535,0.1,NORMAL
277.38,617.49,45.54,64.93,284.12,1683,1.94,WARNING
337.98,1386.98,93.44,91.37,493.08,2336,3.28,HIGH_LOAD
522.82,1370.07,89.5,88.29,552.36,2951,2.71,HIGH_LOAD
85.22,200.88,22.82,33.85,65.8,514,0.36,NORMAL
92.69,209.27,32.96,45.6,72.56,337,0.55,NORMAL
98.66,229.9,31.76,48.76,48.63,394,0.48,NORMAL
646.06,915.36,82.09,100.0,477.24,2755,3.29,HIGH_LOAD
483.15,1143.65,85.98,99.15,717.2,2823,3.57,HIGH_LOAD
97.3,243.19,28.57,42.07,57.28,570,0.9,NORMAL
70.39,252.1,34.4,31.77,46.38,471,0.61,NORMAL
209.41,584.53,50.71,80.97,243.49,1650,1.5,WARNING
326.83,636.98,73.14,99.97,205.26,1310,1.57,WARNING
278.76,317.1,54.79,62.52,145.81,943,1.94,WARNING
137.23,156.46,32.87,53.25,50.86,475,0.62,NORMAL
83.52,199.6,30.79,44.62,71.77,580,0.52,NORMAL
106.27,244.27,22.4,48.7,61.31,550,0.36,NORMAL
94.71,203.61,3.7,38.22,31.28,811,0.71,NORMAL
126.65,153.77,40.93,45.99,66.49,363,0.42,NORMAL
615.23,593.54,94.16,93.92,544.82,2993,3.97,HIGH_LOAD
129.51,167.38,43.78,36.34,51.87,509,0.51,NORMAL
100.75,158.76,29.72,56.24,49.7,487,0.36,NORMAL
107.84,224.59,31.87,34.62,53.6,610,0.1,NORMAL
360.78,511.46,54.46,64.34,235.34,1702,1.74,WARNING
88.33,164.69,22.32,54.46,45.15,550,0.92,NORMAL
371.4,1718.71,92.23,87.99,577.59,2947,2.86,HIGH_LOAD
757.2,1597.13,84.98,85.16,300.14,2584,4.14,HIGH_LOAD
314.36,824.25,64.59,77.01,153.48,1900,1.56,WARNING
587.77,1066.82,94.37,93.68,298.85,3464,3.4,HIGH_LOAD
88.9,196.86,25.1,66.38,53.88,549,0.21,NORMAL
693.61,782.25,89.73,85.41,343.98,3927,4.41,HIGH_LOAD
84.57,294.65,22.38,49.08,55.14,387,0.78,NORMAL
429.5,1076.56,89.82,91.73,453.17,3410,2.64,HIGH_LOAD
102.95,187.62,51.46,34.92,28.9,466,0.71,NORMAL
332.57,358.61,64.06,74.0,141.47,1809,1.7,WARNING
671.01,923.95,89.62,89.02,532.92,3848,2.57,HIGH_LOAD
604.11,1197.48,88.07,97.85,424.77,3107,4.12,HIGH_LOAD
639.82,1186.26,79.68,84.82,627.83,3004,2.9,HIGH_LOAD
98.73,141.48,11.74,43.64,59.82,460,0.5,NORMAL
744.06,1171.3,94.15,88.27,495.05,3646,4.65,HIGH_LOAD
501.5,1401.82,89.06,82.86,635.73,2915,3.93,HIGH_LOAD
95.86,232.19,24.12,51.71,65.58,494,0.6,NORMAL
143.51,219.1,52.08,20.89,47.88,547,0.51,NORMAL
92.82,257.74,26.91,36.02,49.41,526,0.49,NORMAL
115.12,202.73,11.79,37.71,84.76,391,0.76,NORMAL
124.92,202.74,24.77,15.75,60.43,507,0.56,NORMAL
123.2,108.55,45.12,39.63,8.88,538,0.46,NORMAL
487.51,1262.46,86.58,86.54,496.11,2582,4.64,HIGH_LOAD
460.45,1266.04,89.59,99.69,573.1,3426,3.37,HIGH_LOAD
633.08,1198.44,89.25,91.81,481.43,2854,2.33,HIGH_LOAD
104.49,224.58,23.24,46.94,41.07,470,0.28,NORMAL
93.43,244.39,37.36,20.1,69.42,479,0.37,NORMAL
95.87,182.49,42.82,34.53,61.0,563,0.74,NORMAL
80.85,162.04,19.2,34.86,44.01,615,0.56,NORMAL
100.22,155.87,28.11,39.21,44.38,483,0.34,NORMAL
523.43,873.68,86.12,94.07,542.34,3471,3.27,HIGH_LOAD
88.52,265.87,14.05,53.13,32.95,574,0.3,NORMAL
137.08,139.84,35.75,46.34,42.61,406,0.66,NORMAL
96.66,176.47,27.47,27.96,73.86,433,0.6,NORMAL
130.01,114.95,26.91,25.22,64.49,345,0.32,NORMAL
348.16,235.63,53.97,72.48,148.09,1287,1.64,WARNING
85.52,176.07,35.93,38.45,56.63,605,0.27,NORMAL
360.16,582.87,67.97,74.27,234.76,1838,1.21,WARNING
98.97,244.24,28.86,23.02,61.62,594,0.61,NORMAL
96.48,170.54,33.28,43.4,32.29,395,0.69,NORMAL
346.5,675.67,47.9,69.02,143.48,1756,2.03,WARNING
88.84,181.55,27.75,29.42,46.43,458,0.7,NORMAL
384.97,820.7,60.67,51.1,240.77,1778,1.96,WARNING
374.28,801.42,74.68,66.97,158.13,1394,0.83,WARNING
392.94,736.96,57.37,59.96,166.86,1948,0.87,WARNING
783.24,2001.65,92.2,90.97,420.77,2793,5.07,HIGH_LOAD
75.59,250.3,21.93,41.79,30.58,349,0.56,NORMAL
118.3,159.6,38.93,37.61,17.7,528,0.33,NORMAL
98.91,243.18,29.75,46.74,23.56,339,0.37,NORMAL
534.81,1282.36,88.36,89.46,645.9,3134,3.95,HIGH_LOAD
587.32,1358.93,97.37,90.36,304.47,4229,3.54,HIGH_LOAD
78.63,253.48,16.46,46.25,28.89,468,0.49,NORMAL
101.9,172.23,27.53,21.79,54.36,373,0.68,NORMAL
692.76,1578.29,95.48,91.67,479.05,2704,4.16,HIGH_LOAD
73.72,135.5,22.01,24.21,67.28,399,0.37,NORMAL
561.46,1784.01,80.31,84.32,564.25,2364,3.23,HIGH_LOAD
139.36,248.85,18.06,20.79,41.96,491,0.34,NORMAL
104.21,120.48,35.53,33.57,38.51,439,0.22,NORMAL
464.01,1109.78,98.56,93.05,504.62,2894,3.28,HIGH_LOAD
94.53,151.65,31.44,35.82,58.88,498,0.12,NORMAL
374.36,977.93,92.89,83.87,454.11,1585,3.95,HIGH_LOAD
90.0,208.38,22.96,40.14,39.2,507,0.42,NORMAL
337.93,669.02,77.55,65.89,211.58,1299,1.67,WARNING
96.66,163.02,22.74,39.63,39.84,520,0.39,NORMAL
313.44,466.92,62.39,72.66,197.08,1254,1.94,WARNING
112.85,201.44,26.53,23.2,61.19,576,0.66,NORMAL
112.09,237.82,16.2,35.14,51.95,340,0.77,NORMAL
112.15,163.78,21.64,48.29,57.81,496,0.3,NORMAL
112.38,143.5,30.81,24.35,62.98,632,0.8,NORMAL
316.08,586.39,61.72,69.52,213.52,1506,1.61,WARNING
88.92,269.44,33.34,45.16,25.28,639,0.59,NORMAL
771.07,1347.82,82.47,88.69,466.5,2433,2.31,HIGH_LOAD
128.94,224.62,35.14,48.42,22.9,503,0.42,NORMAL
148.13,214.24,23.61,16.82,58.93,518,0.71,NORMAL
384.41,1453.99,91.33,86.03,704.78,2896,2.93,HIGH_LOAD
324.4,677.2,82.23,75.79,157.38,1455,1.47,WARNING
266.42,485.18,65.47,68.0,285.45,1240,1.6,WARNING
102.17,247.64,40.47,41.47,35.97,584,0.54,NORMAL
311.72,671.85,62.83,68.48,216.94,1489,1.96,WARNING
252.31,584.25,60.72,57.17,178.44,1359,1.68,WARNING
315.51,513.49,63.76,63.62,304.26,770,1.15,WARNING
72.83,204.26,45.93,41.71,70.4,411,0.6,NORMAL
128.05,239.36,42.5,41.52,35.86,423,0.13,NORMAL
104.24,202.08,30.31,41.65,44.14,457,0.48,NORMAL
95.69,169.09,18.65,37.32,74.41,449,0.36,NORMAL
96.2,103.46,23.75,41.53,27.0,325,0.63,NORMAL
126.71,219.17,26.25,43.84,33.67,306,0.51,NORMAL
134.08,207.85,40.63,45.89,51.12,527,0.2,NORMAL
133.13,158.2,32.15,57.42,36.53,216,0.41,NORMAL
70.13,273.88,21.72,43.15,54.0,432,0.1,NORMAL
127.05,160.96,25.85,43.32,59.59,517,0.41,NORMAL
78.1,122.95,36.49,52.04,73.79,605,0.44,NORMAL
360.03,696.1,70.62,79.6,162.18,2071,1.23,WARNING
98.74,242.2,37.86,57.98,43.04,540,0.31,NORMAL
124.14,258.23,31.2,47.63,57.91,558,0.26,NORMAL
105.46,180.08,31.75,43.47,28.14,542,0.61,NORMAL
132.51,185.1,31.96,46.21,68.24,599,0.75,NORMAL
89.66,173.04,28.17,29.06,60.76,443,0.2,NORMAL
346.66,698.68,58.89,84.39,208.31,1519,0.78,WARNING
101.9,187.01,38.62,46.94,28.67,558,0.56,NORMAL
325.83,588.77,52.12,57.97,190.76,963,1.6,WARNING
81.71,190.24,28.84,34.62,57.49,447,0.27,NORMAL
118.97,204.18,23.57,29.63,43.8,622,0.1,NORMAL
93.84,156.82,38.68,54.3,55.88,290,0.81,NORMAL
104.55,201.11,23.36,29.92,71.9,669,0.41,NORMAL
127.27,182.18,28.91,41.68,38.69,367,0.59,NORMAL
101.61,204.25,33.89,36.76,44.52,426,0.64,NORMAL
314.66,756.43,67.97,67.87,242.62,1617,1.6,WARNING
73.59,255.4,40.37,39.27,25.9,491,0.2,NORMAL
548.43,1065.66,90.7,91.71,615.42,2938,5.15,HIGH_LOAD
91.97,141.47,14.24,29.06,56.53,434,0.76,NORMAL
350.91,598.91,81.83,60.04,132.72,1785,1.26,WARNING
124.0,238.08,27.29,65.6,40.96,461,0.65,NORMAL
108.45,212.16,28.7,37.53,31.99,291,0.66,NORMAL
100.1,148.17,24.09,38.51,40.87,474,0.58,NORMAL
121.61,208.97,42.26,42.08,76.19,365,0.53,NORMAL
100.28,364.84,47.46,39.62,75.26,519,0.29,NORMAL
455.3,1208.39,89.44,94.76,599.89,1544,4.01,HIGH_LOAD
312.55,588.99,47.29,84.59,266.39,1130,1.63,WARNING
95.78,192.55,36.57,37.52,29.39,492,0.65,NORMAL
94.47,174.91,24.29,26.4,49.87,624,0.48,NORMAL
84.86,213.94,40.13,35.91,41.86,529,0.33,NORMAL
91.66,210.84,25.89,51.05,80.33,412,0.47,NORMAL
501.95,1200.02,93.04,90.49,299.27,2126,5.04,HIGH_LOAD
110.41,252.97,1.49,24.9,60.83,442,0.1,NORMAL
336.19,576.27,60.37,76.72,169.79,1202,1.97,WARNING
277.07,662.12,72.06,54.09,234.3,1597,1.22,WARNING
255.92,873.09,61.61,72.92,222.28,1686,1.15,WARNING
340.93,493.51,78.95,67.57,270.27,1547,1.09,WARNING
71.13,186.7,42.04,35.43,46.22,502,0.13,NORMAL
113.67,199.95,28.49,40.8,46.99,512,0.24,NORMAL
87.92,159.91,59.3,58.46,50.79,516,0.3,NORMAL
115.96,204.43,40.73,35.34,51.67,568,0.75,NORMAL
109.43,179.55,18.56,35.82,64.39,602,0.41,NORMAL
97.05,189.84,32.28,27.17,36.33,663,0.37,NORMAL
311.87,856.62,53.05,70.54,203.21,1455,1.38,WARNING
409.66,329.38,71.46,86.9,249.29,1307,1.17,WARNING
199.47,859.62,54.45,65.85,160.19,1291,1.41,WARNING
346.53,482.51,63.0,70.25,256.35,1568,2.1,WARNING
470.1,1400.71,90.63,86.94,362.24,2224,2.27,HIGH_LOAD
65.05,165.33,19.05,41.02,35.88,603,0.25,NORMAL
63.57,223.31,30.04,42.44,50.56,457,0.57,NORMAL
319.61,679.33,56.03,74.05,274.39,1405,1.72,WARNING
281.55,567.84,92.86,79.82,141.48,1269,2.41,WARNING
152.5,184.21,36.64,31.52,61.64,558,0.15,NORMAL
97.15,157.91,28.7,40.16,36.53,563,0.43,NORMAL
287.78,448.26,61.44,85.87,233.26,1219,1.66,WARNING
105.21,218.3,46.97,59.87,59.75,585,0.55,NORMAL
591.67,1920.32,81.6,93.11,366.52,3102,3.14,HIGH_LOAD
587.91,1078.75,88.67,98.38,497.0,3165,3.53,HIGH_LOAD
158.41,127.64,31.77,43.4,26.72,418,0.68,NORMAL
263.6,582.08,71.43,73.9,223.92,1510,1.65,WARNING
98.23,177.26,10.74,55.36,33.6,507,0.56,NORMAL
312.23,472.91,74.97,68.81,278.75,1205,1.2,WARNING
78.7,247.97,21.52,41.11,93.14,773,0.44,NORMAL
74.92,209.54,39.97,34.95,39.47,650,0.2,NORMAL
719.35,1200.93,85.46,91.05,564.96,3073,3.0,HIGH_LOAD
110.59,245.82,22.86,32.2,44.96,488,0.51,NORMAL
346.92,335.23,67.09,80.5,203.96,1676,1.06,WARNING
90.47,217.73,38.6,38.85,45.45,445,0.87,NORMAL
227.85,348.43,67.89,88.58,176.4,1683,2.46,WARNING
249.04,658.78,88.61,78.77,111.1,1432,1.43,WARNING
131.81,119.85,25.36,44.49,25.11,424,0.2,NORMAL
101.96,240.95,25.05,51.65,69.38,360,0.7,NORMAL
111.51,185.1,34.09,63.69,45.88,738,0.78,NORMAL
116.1,216.88,15.64,37.85,63.89,499,0.7,NORMAL
104.29,93.22,38.44,40.89,45.28,579,0.53,NORMAL
282.49,608.95,41.33,70.76,244.67,1344,1.91,WARNING
439.64,972.96,86.64,89.76,406.86,3043,4.01,HIGH_LOAD
106.55,154.19,36.29,39.5,63.12,467,0.56,NORMAL
271.62,608.29,58.72,70.4,172.87,1863,1.54,WARNING
664.33,952.67,85.27,94.52,521.03,3269,4.88,HIGH_LOAD
106.83,193.0,23.98,45.55,61.79,671,0.24,NORMAL
368.86,247.08,63.78,82.1,195.45,1948,1.72,WARNING
257.88,545.69,78.34,78.45,207.35,1675,1.09,WARNING
98.7,220.02,35.52,45.69,5.0,435,0.22,NORMAL
99.71,168.34,27.1,52.51,32.41,369,0.8,NORMAL
103.95,170.39,42.59,47.24,48.24,297,0.69,NORMAL
99.58,171.71,34.43,47.18,61.04,644,0.5,NORMAL
92.84,150.64,30.01,46.92,70.31,647,0.44,NORMAL
257.77,707.26,63.13,63.54,132.49,1037,1.59,WARNING
529.88,1378.75,95.94,84.43,522.67,2935,4.33,HIGH_LOAD
113.6,203.45,54.26,29.75,36.61,668,0.63,NORMAL
90.44,135.01,33.39,30.09,41.39,316,0.78,NORMAL
97.98,183.22,33.16,31.23,63.03,795,0.6,NORMAL
59.37,267.11,40.11,47.47,40.03,341,0.6,NORMAL
115.09,246.58,24.22,33.73,33.5,571,0.88,NORMAL
98.18,183.66,23.08,44.9,64.4,529,0.85,NORMAL
320.81,529.47,57.64,71.42,239.16,1427,1.42,WARNING
94.3,166.64,18.65,13.85,76.21,555,0.48,NORMAL
83.63,238.67,37.27,39.78,60.78,646,0.44,NORMAL
753.63,898.29,96.52,88.36,608.52,2807,2.8,HIGH_LOAD
266.66,625.41,57.93,80.8,141.23,1597,1.79,WARNING
125.49,179.36,31.25,30.81,33.43,431,0.91,NORMAL
112.64,179.87,38.02,49.59,29.65,524,0.72,NORMAL
127.25,167.29,33.48,42.83,35.95,557,0.2,NORMAL
136.73,165.07,20.42,59.19,47.63,465,0.58,NORMAL
411.41,1261.5,83.3,82.42,404.13,3910,5.27,HIGH_LOAD
121.8,187.44,40.3,27.8,40.81,485,0.66,NORMAL
101.65,192.89,25.8,51.86,30.32,546,0.65,NORMAL
96.78,278.13,25.26,26.4,75.22,497,0.41,NORMAL
92.96,181.92,22.93,31.82,62.26,338,0.1,NORMAL
105.56,119.42,29.24,46.6,41.69,413,0.83,NORMAL
107.21,112.44,34.5,34.7,38.79,556,0.15,NORMAL
376.5,489.36,68.68,65.16,219.67,1845,1.53,WARNING
210.62,778.92,62.5,68.38,213.74,1325,0.34,WARNING
90.75,242.98,48.66,32.46,48.1,715,0.59,NORMAL
267.88,481.45,55.32,88.38,112.82,1712,0.74,WARNING
252.63,488.27,71.4,52.61,270.97,1535,2.07,WARNING
86.88,134.15,32.98,37.87,54.6,410,0.6,NORMAL
103.68,312.62,21.1,51.45,67.44,500,0.96,NORMAL
316.17,572.6,74.96,87.74,179.03,1350,1.63,WARNING
219.4,796.91,68.44,67.49,269.9,1848,1.16,WARNING
110.72,113.2,18.45,28.41,50.45,292,0.41,NORMAL
113.14,207.73,44.93,28.52,59.14,469,0.4,NORMAL
534.52,986.39,91.73,86.12,574.64,3132,3.23,HIGH_LOAD
116.08,141.83,28.19,47.14,63.53,601,0.52,NORMAL
291.6,698.14,63.81,69.41,213.99,1212,0.91,WARNING
370.16,452.96,69.27,61.75,243.1,1433,0.72,WARNING
98.69,174.42,47.22,37.26,52.59,624,0.1,NORMAL
107.51,55.03,25.45,54.54,47.37,407,0.62,NORMAL
110.68,158.85,33.6,40.32,46.85,463,0.9,NORMAL
104.59,217.16,27.81,11.76,33.41,486,0.52,NORMAL
676.81,1470.41,90.04,91.02,431.2,2846,3.04,HIGH_LOAD
512.81,1640.66,92.7,77.18,314.49,4583,2.97,HIGH_LOAD
296.77,328.78,48.57,66.35,175.67,1264,1.18,WARNING
349.93,690.86,61.44,75.4,199.9,962,1.51,WARNING
80.9,85.32,44.3,45.83,52.27,640,0.66,NORMAL
286.86,577.2,53.85,57.88,133.4,1379,1.07,WARNING
104.08,173.7,40.24,33.29,33.69,521,0.35,NORMAL
99.59,252.48,44.42,25.45,66.98,336,0.57,NORMAL
73.53,303.56,40.36,43.45,46.6,436,0.72,NORMAL
114.23,224.94,30.93,44.95,41.76,390,0.79,NORMAL
275.61,423.46,56.82,49.67,175.09,1803,0.87,WARNING
96.33,273.08,32.58,48.66,54.66,675,0.3,NORMAL
80.92,255.92,26.27,28.55,42.55,554,0.5,NORMAL
75.17,226.62,42.71,52.78,37.46,401,0.37,NORMAL
110.73,211.23,49.08,42.59,10.11,529,0.69,NORMAL
282.92,665.6,72.95,77.06,177.08,1965,1.19,WARNING
87.96,160.62,29.58,22.45,59.7,713,0.64,NORMAL
95.43,289.46,12.27,45.09,53.13,470,0.29,NORMAL
90.96,203.31,31.22,52.07,73.74,508,0.44,NORMAL
496.56,1624.15,85.84,100.0,399.84,2722,4.61,HIGH_LOAD
51.44,204.76,23.81,35.45,57.32,448,0.61,NORMAL
108.55,221.23,29.87,45.46,61.7,557,0.37,NORMAL
194.02,521.47,79.93,77.21,173.29,1560,2.31,WARNING
84.99,188.33,26.26,42.24,49.44,526,0.14,NORMAL
682.42,1380.96,84.3,83.45,409.2,3173,3.92,HIGH_LOAD
111.44,201.59,17.78,36.28,43.81,521,0.68,NORMAL
100.05,212.62,38.35,38.37,45.25,479,0.35,NORMAL
127.67,118.1,7.76,30.47,45.17,649,0.64,NORMAL
294.22,648.14,52.25,71.52,131.23,899,1.71,WARNING
381.78,476.68,62.09,57.76,215.7,1115,1.05,WARNING
74.99,192.83,34.39,46.44,23.03,402,0.52,NORMAL
97.86,200.21,35.98,34.19,62.71,577,0.17,NORMAL
611.69,955.18,93.17,93.07,298.02,2429,2.68,HIGH_LOAD
497.14,1187.26,80.84,92.16,486.08,3520,4.15,HIGH_LOAD
71.14,143.16,43.84,35.62,67.09,469,0.53,NORMAL
303.57,543.53,49.35,70.26,244.09,1617,1.08,WARNING
101.47,214.05,26.83,23.4,62.61,472,0.69,NORMAL
98.43,122.12,21.22,35.26,57.49,473,0.37,NORMAL
82.14,286.28,38.2,28.79,73.31,366,0.97,NORMAL
91.31,171.5,30.2,58.51,23.91,442,0.35,NORMAL
194.47,639.97,69.41,71.46,217.64,1628,1.85,WARNING
319.42,647.68,64.51,84.11,164.54,1449,1.75,WARNING
111.2,201.66,27.79,41.81,65.01,429,0.62,NORMAL
102.25,199.65,50.34,38.62,59.04,428,0.28,NORMAL
123.62,171.92,19.08,41.32,73.27,576,0.81,NORMAL
71.24,140.52,27.44,49.24,30.03,581,0.1,NORMAL
93.7,231.26,42.46,45.0,33.28,341,0.39,NORMAL
144.35,238.96,30.17,55.71,60.98,489,0.37,NORMAL
521.39,609.74,87.46,88.63,455.28,2860,3.84,HIGH_LOAD
464.38,2011.16,87.56,88.16,462.6,3299,2.94,HIGH_LOAD
127.71,220.66,27.1,59.33,32.13,413,0.46,NORMAL
86.56,235.42,27.57,35.05,42.48,420,0.83,NORMAL
119.12,246.92,46.08,44.16,68.91,667,0.32,NORMAL
112.77,165.39,25.14,62.09,45.49,519,0.53,NORMAL
645.73,716.49,97.21,97.81,485.83,3118,3.57,HIGH_LOAD
403.83,749.63,56.82,91.94,152.82,1368,1.68,WARNING
113.56,199.41,23.85,50.61,29.34,380,0.88,NORMAL
380.97,773.12,54.33,60.32,252.61,1838,2.04,WARNING
621.91,1476.95,93.77,82.47,478.64,2535,3.95,HIGH_LOAD
89.97,216.43,28.94,28.21,59.96,511,0.49,NORMAL
70.52,219.21,34.96,43.63,68.98,374,0.15,NORMAL
76.08,277.3,31.34,37.29,39.57,493,0.29,NORMAL
530.08,948.27,86.48,92.79,484.18,3319,1.46,HIGH_LOAD
93.89,251.78,37.19,25.04,56.78,562,0.64,NORMAL
241.9,904.36,85.39,82.67,160.23,1542,1.36,WARNING
89.49,239.26,26.55,32.08,55.09,519,0.51,NORMAL
553.04,820.09,81.56,93.92,590.86,3228,3.35,HIGH_LOAD
114.23,205.86,25.73,21.77,36.69,365,0.6,NORMAL
68.77,228.6,27.54,38.87,70.19,508,0.41,NORMAL
94.48,206.07,40.75,33.28,37.8,451,0.4,NORMAL
88.37,59.56,45.92,26.77,28.7,380,0.53,NORMAL
219.44,514.17,54.74,73.04,214.23,1275,1.07,WARNING
61.41,161.6,27.04,27.39,59.69,548,0.64,NORMAL
78.65,242.28,23.75,34.61,24.88,473,0.73,NORMAL
123.65,138.21,31.73,18.81,59.94,712,0.1,NORMAL
129.09,250.86,6.9,42.88,62.64,568,0.81,NORMAL
137.13,183.49,21.31,37.69,50.93,491,0.77,NORMAL
82.8,71.46,21.58,51.84,56.55,284,0.33,NORMAL
92.49,239.76,32.71,49.48,51.39,635,0.82,NORMAL
573.1,1290.02,86.75,88.83,481.09,2952,4.01,HIGH_LOAD
274.15,598.8,62.46,63.5,216.02,1177,1.43,WARNING
472.58,802.74,86.04,87.22,454.8,3499,3.3,HIGH_LOAD
743.09,1192.07,85.94,93.72,563.89,3108,4.9,HIGH_LOAD
535.97,1268.02,91.53,92.72,354.0,2483,1.67,HIGH_LOAD
137.7,184.93,31.67,32.68,55.96,578,0.31,NORMAL
292.53,609.24,70.91,63.87,278.58,1877,1.5,WARNING
83.08,139.11,42.28,26.38,51.12,462,0.69,NORMAL
116.15,176.37,43.07,50.97,74.85,581,0.53,NORMAL
97.61,191.23,37.71,46.73,36.16,499,0.63,NORMAL
122.66,239.02,21.72,44.04,53.43,531,0.1,NORMAL
297.03,821.17,63.43,71.42,183.97,1918,1.08,WARNING
502.01,1370.95,92.98,99.41,383.24,2937,4.35,HIGH_LOAD
112.42,229.96,49.12,40.09,38.71,581,0.45,NORMAL
384.14,694.79,61.9,65.17,163.96,1813,1.06,WARNING
259.62,707.88,38.1,67.28,188.79,1700,1.47,WARNING
674.06,1628.61,92.67,90.98,409.99,2781,2.88,HIGH_LOAD
115.61,204.19,55.14,51.91,50.02,417,0.46,NORMAL
360.1,645.69,67.76,75.63,176.2,1440,1.17,WARNING
287.83,264.5,57.47,65.59,273.03,1848,1.58,WARNING
109.37,244.46,31.05,47.42,42.18,444,0.66,NORMAL
123.84,243.73,32.25,38.27,35.88,550,0.71,NORMAL
631.85,1186.23,84.52,85.33,681.22,3493,3.45,HIGH_LOAD
144.46,156.05,27.36,41.04,41.83,629,0.53,NORMAL
125.19,119.79,42.7,32.98,15.58,533,0.76,NORMAL
92.53,141.98,18.3,46.78,49.22,469,0.28,NORMAL
121.43,171.05,45.54,40.3,60.94,352,0.47,NORMAL
108.23,268.52,48.26,30.92,42.15,427,0.52,NORMAL
115.18,222.24,45.69,40.74,56.24,732,0.13,NORMAL
360.89,566.23,65.82,73.26,275.61,1216,2.17,WARNING
94.79,238.41,44.82,38.53,37.14,292,0.61,NORMAL
76.99,307.1,42.58,45.92,40.43,633,0.18,NORMAL
565.96,1342.5,94.13,94.8,301.14,2355,4.46,HIGH_LOAD
309.09,321.71,67.71,58.4,253.78,1536,1.12,WARNING
135.98,152.35,32.01,40.75,41.87,463,0.35,NORMAL
108.99,168.48,39.85,53.26,52.39,415,0.41,NORMAL
109.43,262.1,24.39,50.25,47.07,428,0.49,NORMAL
136.84,109.48,23.88,42.28,62.71,404,0.52,NORMAL
725.87,992.0,92.96,84.42,464.56,3740,3.21,HIGH_LOAD
114.45,155.2,25.65,37.93,21.61,481,0.86,NORMAL
124.12,127.45,23.9,26.25,67.07,616,0.64,NORMAL
110.3,216.41,35.1,44.78,42.93,522,0.75,NORMAL
107.59,153.58,16.92,57.06,67.33,666,0.73,NORMAL
106.6,128.44,28.44,40.39,71.47,616,0.61,NORMAL
94.79,167.9,13.17,38.49,62.65,463,0.52,NORMAL
123.86,112.0,22.98,45.26,43.67,345,0.68,NORMAL
120.26,212.97,27.01,42.05,66.06,578,0.9,NORMAL
129.05,147.84,35.92,47.04,42.91,548,0.31,NORMAL
93.85,202.65,20.18,34.24,38.32,576,0.59,NORMAL
92.33,195.92,32.47,35.01,61.8,559,0.73,NORMAL
88.52,228.32,26.07,33.73,60.31,537,0.29,NORMAL
135.86,185.94,36.77,34.19,78.83,501,0.19,NORMAL
494.29,1572.22,90.94,81.49,406.39,2893,3.72,HIGH_LOAD
86.01,183.11,46.48,47.55,69.59,597,0.67,NORMAL
98.06,219.61,29.54,32.56,54.23,541,0.7,NORMAL
117.62,196.96,34.33,46.67,27.22,392,0.72,NORMAL
101.64,193.31,10.58,42.15,51.9,402,0.61,NORMAL
202.45,413.68,63.16,76.78,279.8,1336,1.1,WARNING
121.14,56.13,33.14,38.35,40.29,427,0.56,NORMAL
88.86,241.23,20.62,33.08,80.09,542,0.69,NORMAL
127.19,205.98,24.73,42.08,62.35,486,0.39,NORMAL
95.9,184.52,26.65,27.31,14.73,406,0.86,NORMAL
63.03,267.91,34.49,52.23,26.41,679,0.48,NORMAL
105.42,204.09,50.73,38.91,41.91,368,0.44,NORMAL
108.36,238.51,30.88,36.28,59.59,430,0.5,NORMAL
85.47,147.61,35.13,45.89,55.96,558,0.51,NORMAL
117.91,215.39,24.94,32.95,49.14,408,0.35,NORMAL
116.18,233.96,51.91,40.97,55.05,657,0.47,NORMAL
566.74,2001.57,95.89,87.7,405.51,2625,4.1,HIGH_LOAD
255.62,709.84,66.88,75.08,219.79,1915,1.29,WARNING
104.24,193.85,34.67,36.16,80.23,594,0.1,NORMAL
79.41,249.87,51.7,46.18,51.82,536,0.53,NORMAL
208.1,412.29,79.04,72.03,270.3,1404,1.08,WARNING
121.23,39.35,31.33,55.41,73.9,269,0.55,NORMAL
104.6,167.41,33.65,43.24,51.96,456,0.46,NORMAL
305.79,582.96,65.74,62.16,221.59,1430,1.87,WARNING
111.04,191.08,28.61,43.53,29.86,634,0.39,NORMAL
247.36,693.13,58.73,68.68,201.47,2066,2.13,WARNING
99.38,209.79,25.84,34.92,56.53,546,0.7,NORMAL
392.38,1134.69,89.99,82.47,402.25,3168,3.08,HIGH_LOAD
279.5,586.58,64.42,66.04,159.06,1684,1.44,WARNING
49.94,191.94,32.81,30.1,71.33,461,0.48,NORMAL
101.93,116.72,24.93,29.45,24.18,533,0.4,NORMAL
124.91,191.61,43.82,44.64,60.07,394,0.42,NORMAL
115.01,248.23,28.32,52.3,43.81,442,0.5,NORMAL
104.99,253.44,42.78,42.12,64.43,393,0.71,NORMAL
643.12,822.67,90.67,92.81,495.83,3279,4.23,HIGH_LOAD
354.82,753.06,53.45,69.62,183.51,1735,1.07,WARNING
92.28,199.05,33.56,48.47,51.04,544,0.36,NORMAL
270.49,716.63,51.78,72.55,241.31,1492,2.09,WARNING
88.07,163.29,22.4,22.19,54.03,681,0.57,NORMAL
325.66,606.57,66.7,64.87,148.46,1398,1.78,WARNING
252.57,762.78,74.85,59.23,213.44,1370,1.46,WARNING
92.9,275.31,34.75,50.07,25.99,505,0.69,NORMAL
91.87,191.8,14.78,38.45,55.35,479,0.49,NORMAL
108.51,199.86,30.58,48.96,31.09,525,0.67,NORMAL
116.43,85.79,11.47,41.15,42.79,649,0.52,NORMAL
636.83,1232.95,90.74,83.89,530.59,2003,2.81,HIGH_LOAD
363.71,537.49,71.36,67.33,173.06,1227,1.65,WARNING
103.36,292.7,34.35,45.5,63.37,534,0.53,NORMAL
683.71,1484.23,98.05,94.27,480.64,2916,3.4,HIGH_LOAD
273.69,547.06,69.73,64.58,380.57,1859,1.87,WARNING
94.4,263.53,24.24,49.36,69.18,490,0.48,NORMAL
123.18,229.75,33.57,26.36,30.6,463,0.65,NORMAL
97.89,206.82,27.08,52.31,57.93,725,0.76,NORMAL
370.86,568.27,75.43,70.44,160.95,1237,1.57,WARNING
104.16,132.83,5.41,40.94,35.39,455,0.73,NORMAL
477.18,944.63,89.63,86.94,550.34,2849,3.35,HIGH_LOAD
95.4,147.97,33.14,30.89,55.42,511,0.61,NORMAL
139.68,226.94,34.78,26.8,48.03,542,0.46,NORMAL
135.59,148.37,26.97,38.33,77.02,450,0.5,NORMAL
73.75,215.02,47.56,44.88,35.72,578,0.39,NORMAL
170.51,619.79,76.19,75.55,134.14,1391,1.92,WARNING
215.06,376.01,75.0,67.88,173.0,1508,1.39,WARNING
317.6,739.48,45.33,63.93,228.79,1442,1.68,WARNING
328.01,672.52,74.86,55.87,212.74,2014,1.46,WARNING
110.71,284.68,32.6,41.16,36.75,391,0.69,NORMAL
327.5,432.17,81.24,66.89,150.62,1295,1.3,WARNING
118.3,160.48,16.96,33.96,53.14,555,0.16,NORMAL
212.56,626.9,63.83,74.34,286.22,1559,1.58,WARNING
126.9,198.43,23.45,33.38,44.69,433,0.21,NORMAL
267.0,524.85,57.14,70.25,287.75,1349,1.03,WARNING
434.33,1058.55,93.17,85.53,646.25,2815,3.09,HIGH_LOAD
103.0,266.93,23.93,34.07,64.13,552,0.68,NORMAL
419.58,1148.2,83.95,83.22,462.16,3015,2.55,HIGH_LOAD
113.68,228.71,19.61,50.25,38.21,386,0.66,NORMAL
76.37,226.93,18.93,37.69,51.01,435,0.89,NORMAL
83.91,270.56,35.86,30.77,42.84,504,0.76,NORMAL
120.33,244.36,12.13,40.75,34.7,364,0.84,NORMAL
87.88,254.59,23.76,31.78,44.18,536,0.64,NORMAL
57.39,210.12,47.85,49.98,52.74,455,0.43,NORMAL
103.7,288.79,29.16,39.7,49.5,629,0.28,NORMAL
114.07,61.56,22.78,30.06,70.93,516,0.38,NORMAL
331.02,623.87,40.81,70.82,218.11,1385,1.16,WARNING
364.89,988.09,61.88,71.8,237.53,1968,1.65,WARNING
591.05,1457.57,94.62,92.73,539.63,3490,3.91,HIGH_LOAD
86.55,173.6,35.49,34.41,29.03,386,0.27,NORMAL
83.05,171.22,45.62,38.42,53.63,527,0.82,NORMAL
103.12,218.15,26.06,51.29,58.36,392,0.57,NORMAL
350.37,586.68,57.64,79.97,189.58,1400,1.86,WARNING
728.67,965.9,84.4,91.34,466.89,2880,4.04,HIGH_LOAD
322.83,706.04,75.21,80.12,182.28,2162,1.94,WARNING
619.11,871.6,91.26,93.33,674.85,3243,3.91,HIGH_LOAD
140.97,150.66,21.79,22.13,61.68,497,0.51,NORMAL
74.54,165.18,30.54,25.05,54.58,556,0.54,NORMAL
117.57,241.7,28.25,36.48,49.98,409,0.7,NORMAL
74.61,194.05,20.41,37.24,38.08,594,0.22,NORMAL
350.53,604.37,61.38,65.92,184.04,1302,1.61,WARNING
360.17,777.52,46.03,81.36,221.7,1641,2.15,WARNING
116.28,137.48,36.26,30.05,45.73,610,0.14,NORMAL
575.33,1218.98,80.94,90.46,363.66,2782,4.13,HIGH_LOAD
97.89,246.72,33.69,28.14,37.99,656,0.32,NORMAL
99.37,233.95,29.08,60.57,90.38,564,0.36,NORMAL
66.03,193.9,16.24,36.48,34.03,690,0.23,NORMAL
134.79,120.36,19.66,40.4,59.37,568,0.66,NORMAL
508.26,811.96,83.0,97.49,433.85,3493,3.64,HIGH_LOAD
96.61,250.97,42.85,34.28,64.32,362,0.57,NORMAL
93.47,250.68,23.95,48.64,37.15,588,0.76,NORMAL
50.81,261.31,23.59,38.58,55.3,452,0.27,NORMAL
705.33,1386.62,88.21,93.22,663.22,2852,3.31,HIGH_LOAD
94.57,143.15,37.67,49.17,49.34,437,0.65,NORMAL
464.52,1685.43,88.58,89.95,412.98,3776,4.54,HIGH_LOAD
86.23,154.47,46.2,49.76,67.86,455,0.42,NORMAL
115.98,218.72,34.81,24.83,36.02,621,0.74,NORMAL
80.12,326.88,41.84,41.26,34.41,562,0.39,NORMAL
329.95,840.29,71.92,65.13,199.93,1688,1.56,WARNING
87.74,184.79,27.42,26.11,63.13,385,0.62,NORMAL
622.29,981.4,92.38,94.54,515.34,2400,2.78,HIGH_LOAD
80.38,146.89,26.52,17.05,60.62,451,0.56,NORMAL
140.35,263.5,25.52,48.98,55.2,514,0.1,NORMAL
103.8,235.9,34.53,31.78,77.61,548,0.66,NORMAL
68.73,199.68,30.28,29.39,31.52,372,0.53,NORMAL
108.45,227.27,18.19,36.19,46.18,315,0.15,NORMAL
87.92,153.2,31.67,47.92,42.73,313,0.7,NORMAL
81.59,238.85,37.89,39.98,32.97,436,0.67,NORMAL
89.59,142.7,34.84,41.24,37.37,457,0.65,NORMAL
266.2,806.88,59.24,69.71,191.94,1416,1.36,WARNING
277.4,626.54,90.65,73.86,197.46,1224,0.75,WARNING
135.96,165.95,47.13,36.71,65.78,470,0.5,NORMAL
340.99,516.26,57.98,66.77,182.15,1284,1.51,WARNING
77.08,147.98,30.62,59.4,29.16,485,0.37,NORMAL
260.44,382.88,82.78,82.04,175.27,1263,1.58,WARNING
121.97,190.26,23.48,42.85,44.0,594,0.43,NORMAL
86.76,193.35,34.87,28.38,32.0,512,0.29,NORMAL
101.65,231.35,12.49,34.53,19.99,450,0.31,NORMAL
85.3,159.59,11.53,37.73,62.54,547,0.31,NORMAL
326.35,491.47,53.51,72.32,160.79,1195,1.51,WARNING
140.37,248.43,28.81,17.89,39.29,529,0.39,NORMAL
119.14,148.79,20.86,44.02,75.82,420,0.33,NORMAL
93.24,196.38,39.21,45.13,32.71,427,0.42,NORMAL
379.09,352.33,82.01,83.8,166.5,2045,1.2,WARNING
305.62,600.86,58.86,68.31,156.31,1386,0.95,WARNING
103.8,134.39,56.26,29.08,66.38,470,0.49,NORMAL
788.05,1342.21,84.03,98.35,543.56,2872,3.63,HIGH_LOAD
110.09,205.95,25.51,33.49,38.52,457,0.42,NORMAL
326.42,457.63,32.04,81.57,196.32,1287,1.1,WARNING
76.28,205.55,16.48,41.22,60.65,422,0.1,NORMAL
109.39,233.72,19.95,46.47,32.51,431,0.43,NORMAL
102.29,166.86,21.54,38.6,36.4,324,0.61,NORMAL
65.34,176.92,36.88,34.08,45.0,327,0.34,NORMAL
124.52,160.2,33.01,25.92,31.05,715,0.4,NORMAL
123.13,191.01,45.12,32.27,42.36,429,0.69,NORMAL
53.03,223.39,18.44,52.38,55.96,546,0.69,NORMAL
102.95,218.59,47.65,39.35,34.0,461,0.24,NORMAL
101.72,181.4,26.21,31.35,23.3,420,0.46,NORMAL
457.98,1149.08,98.8,90.33,603.47,3393,2.47,HIGH_LOAD
123.7,323.82,46.14,49.95,38.54,376,0.43,NORMAL
76.46,167.39,27.77,44.35,38.43,532,0.79,NORMAL
77.62,198.74,32.9,40.56,35.69,426,0.57,NORMAL
100.77,224.43,24.9,35.41,13.29,490,0.47,NORMAL
81.6,236.37,22.03,21.3,49.83,706,0.54,NORMAL
119.2,254.75,31.12,29.91,19.66,531,0.34,NORMAL
884.74,1069.94,92.02,89.89,693.89,1858,3.27,HIGH_LOAD
96.38,264.34,32.61,50.78,59.55,557,0.54,NORMAL
104.73,157.23,18.76,48.86,19.44,751,0.49,NORMAL
330.89,641.24,68.59,70.35,184.82,1851,1.14,WARNING
114.84,220.47,44.15,26.83,49.05,436,0.67,NORMAL
123.52,251.27,18.97,64.52,42.66,713,0.23,NORMAL
248.52,682.67,77.23,69.51,264.2,1725,1.66,WARNING
121.77,203.6,27.33,33.0,61.81,422,0.41,NORMAL
87.57,207.51,38.49,37.6,55.43,471,0.73,NORMAL
128.56,214.33,26.73,53.13,71.07,594,0.46,NORMAL
200.53,631.3,53.67,74.99,233.67,1838,1.34,WARNING
529.9,1568.93,88.0,95.32,453.55,3785,3.59,HIGH_LOAD
308.05,500.89,57.46,91.67,249.54,1653,1.6,WARNING
333.66,605.81,67.95,60.87,218.79,1632,0.72,WARNING
84.08,207.59,31.52,46.95,38.84,868,0.54,NORMAL
74.21,199.9,48.08,29.35,35.9,544,0.79,NORMAL
89.92,208.47,20.98,36.19,45.61,573,0.1,NORMAL
530.32,1434.15,91.08,82.88,539.64,2809,4.08,HIGH_LOAD
335.96,342.33,56.19,83.66,140.77,1611,1.23,WARNING
271.49,492.21,48.0,41.18,156.25,1912,2.0,WARNING
269.63,299.86,53.26,79.92,138.6,1366,1.69,WARNING
119.07,226.52,38.43,42.59,29.82,661,0.14,NORMAL
465.34,1624.06,87.8,83.33,567.18,1279,2.57,HIGH_LOAD
95.57,138.75,30.67,40.94,34.78,446,0.31,NORMAL
94.29,222.97,24.81,36.96,42.67,537,0.72,NORMAL
283.15,512.04,71.26,74.57,201.44,2217,0.99,WARNING
104.42,258.11,39.15,37.76,59.85,602,0.77,NORMAL
127.31,240.69,29.57,33.93,21.67,398,0.64,NORMAL
724.07,780.29,79.9,91.76,533.64,2571,4.27,HIGH_LOAD
121.29,140.28,37.47,37.88,56.46,352,0.78,NORMAL
114.04,204.51,22.64,29.29,43.69,718,0.51,NORMAL
127.59,300.08,38.73,26.31,57.58,453,0.44,NORMAL
461.69,727.83,87.18,94.21,685.44,2388,2.47,HIGH_LOAD
261.65,563.96,57.27,89.74,117.01,1123,1.32,WARNING
110.28,219.66,10.73,34.79,70.5,640,0.83,NORMAL
267.25,491.12,84.48,70.7,256.93,698,2.12,WARNING
643.91,1419.75,92.62,92.85,466.93,2864,2.41,HIGH_LOAD
126.05,150.8,35.27,59.22,62.95,367,0.63,NORMAL
55.89,226.14,40.87,41.53,21.18,530,0.52,NORMAL
116.04,87.31,26.04,39.09,64.86,459,0.35,NORMAL
95.75,232.01,28.91,30.23,82.13,597,0.94,NORMAL
338.11,857.48,42.82,69.88,186.89,1160,1.68,WARNING
113.41,282.78,3.67,50.19,34.65,442,1.01,NORMAL
139.96,205.77,46.1,48.14,74.1,477,0.38,NORMAL
522.0,1128.28,87.91,91.23,454.09,3523,4.35,HIGH_LOAD
113.16,171.27,32.11,40.52,53.2,491,0.59,NORMAL
384.04,671.89,80.18,69.28,245.11,1410,1.48,WARNING
455.16,1036.82,95.13,96.19,573.73,2706,2.65,HIGH_LOAD
98.08,216.38,49.81,28.01,71.39,708,0.34,NORMAL
74.01,156.15,25.66,36.47,38.43,612,0.66,NORMAL
332.13,576.16,61.14,59.24,265.64,1992,1.29,WARNING
226.65,236.18,87.76,78.3,130.35,1564,1.85,WARNING
255.35,753.35,83.72,63.94,144.01,1680,0.98,WARNING
484.77,1018.88,87.3,92.53,454.68,3031,4.28,HIGH_LOAD
95.96,205.0,18.49,35.55,31.13,281,0.46,NORMAL
334.94,785.93,72.36,81.9,193.41,1499,0.87,WARNING
133.17,155.81,26.1,38.9,56.06,616,0.53,NORMAL
91.8,186.57,25.84,19.9,60.73,487,0.45,NORMAL
463.76,1518.4,90.21,97.53,493.62,3109,3.66,HIGH_LOAD
104.02,125.12,44.07,45.82,38.78,486,0.75,NORMAL
90.85,192.77,22.23,34.34,44.55,583,0.6,NORMAL
656.08,1363.33,85.55,86.44,543.61,3469,3.11,HIGH_LOAD
117.65,202.07,33.32,49.69,56.88,680,0.46,NORMAL
339.52,540.81,62.66,79.77,242.1,744,1.5,WARNING
113.02,163.32,29.41,42.95,58.82,339,0.63,NORMAL
288.09,637.58,76.71,57.71,173.1,855,2.05,WARNING
80.13,196.08,27.28,41.76,39.31,508,0.69,NORMAL
248.07,575.37,55.39,73.82,138.71,2015,2.06,WARNING
86.32,156.61,20.44,50.23,67.27,446,0.6,NORMAL
93.15,194.86,40.24,28.76,58.22,491,0.39,NORMAL
83.46,191.03,33.99,37.02,47.99,353,0.47,NORMAL
83.49,178.51,46.38,42.47,53.19,471,0.49,NORMAL
101.77,200.19,35.48,40.63,31.51,451,0.1,NORMAL
71.68,177.47,35.78,55.03,26.88,597,0.53,NORMAL
81.31,196.8,37.25,47.32,56.0,476,0.43,NORMAL
204.81,528.46,37.13,68.01,201.62,1430,1.63,WARNING
122.83,259.63,43.6,25.56,60.84,564,0.42,NORMAL
108.29,192.47,37.38,59.8,52.56,438,0.51,NORMAL
94.11,122.27,20.84,32.25,30.02,275,0.48,NORMAL
315.68,743.05,60.95,75.19,309.91,1534,0.71,WARNING
296.1,533.35,62.17,66.02,201.35,2149,1.54,WARNING
629.79,1510.45,81.86,96.31,544.95,2226,3.54,HIGH_LOAD
237.71,749.44,49.15,80.02,147.92,1160,1.29,WARNING
281.61,771.63,71.68,67.29,212.73,1304,2.17,WARNING
262.44,467.38,71.59,82.15,292.79,1551,1.3,WARNING
119.59,222.95,29.11,34.42,53.79,458,0.44,NORMAL
294.17,660.02,60.3,60.18,162.52,1231,1.64,WARNING
343.78,609.88,62.32,99.99,262.16,1215,1.8,WARNING
77.77,162.73,18.53,17.29,29.14,484,0.36,NORMAL
100.46,189.73,44.02,69.43,44.61,327,0.52,NORMAL
66.17,300.45,35.72,52.18,30.94,482,0.56,NORMAL
817.33,1436.85,89.5,87.0,420.64,3158,2.1,HIGH_LOAD
59.59,197.92,14.36,51.62,60.65,555,0.46,NORMAL
94.63,270.74,20.44,31.17,64.02,663,0.28,NORMAL
295.9,588.78,54.99,60.72,178.51,1932,1.94,WARNING
192.19,496.49,70.04,77.58,241.53,1213,1.19,WARNING
92.77,227.97,31.45,43.0,65.5,615,0.45,NORMAL
132.16,203.03,26.44,26.77,35.69,373,0.24,NORMAL
296.87,782.07,53.31,68.98,283.96,1380,0.61,WARNING
110.85,254.02,45.29,44.53,22.43,510,0.56,NORMAL
118.21,234.96,34.07,31.46,60.28,538,0.49,NORMAL
304.35,553.75,52.96,83.27,250.27,1088,2.05,WARNING
356.47,394.51,54.53,49.62,196.86,1769,1.42,WARNING
81.9,130.81,32.29,25.36,54.6,465,0.6,NORMAL
99.25,214.89,33.96,45.37,59.65,583,0.61,NORMAL
86.67,181.49,15.75,26.3,79.46,611,0.91,NORMAL
532.4,1085.89,90.69,91.2,499.65,3709,2.14,HIGH_LOAD
114.28,221.18,33.94,39.05,64.06,457,0.38,NORMAL
88.64,206.88,18.37,37.43,65.96,658,0.75,NORMAL
133.18,115.1,44.31,49.26,30.31,381,0.57,NORMAL
53.69,167.88,39.93,58.09,75.92,373,0.13,NORMAL
687.92,1208.43,91.44,93.8,555.51,3670,3.92,HIGH_LOAD
90.44,177.47,22.22,28.11,56.49,482,0.66,NORMAL
112.58,195.39,36.74,39.85,73.83,373,0.38,NORMAL
86.85,171.87,43.71,31.75,54.47,588,0.61,NORMAL
116.78,173.52,35.12,40.23,46.71,565,0.65,NORMAL
77.92,220.08,24.26,52.26,50.38,394,0.52,NORMAL
68.28,204.36,22.35,41.39,54.93,520,0.86,NORMAL
738.23,1379.71,95.65,85.2,588.74,3575,3.72,HIGH_LOAD
284.63,593.82,83.87,58.23,256.9,1400,1.87,WARNING
108.98,214.31,23.31,41.34,47.86,564,0.53,NORMAL
79.48,214.06,28.89,39.0,40.94,508,0.55,NORMAL
307.81,486.34,65.16,57.33,135.79,1618,1.17,WARNING
105.58,277.03,29.19,60.92,64.98,555,0.69,NORMAL
577.03,975.24,94.14,92.12,456.41,3704,3.87,HIGH_LOAD
82.68,240.97,29.31,46.95,67.93,611,0.57,NORMAL
119.95,194.67,38.36,38.03,40.03,741,0.49,NORMAL
314.44,439.69,49.94,71.69,219.01,1528,1.51,WARNING
120.51,252.46,14.8,44.94,60.97,588,0.48,NORMAL
83.7,242.29,30.87,41.16,47.9,519,0.74,NORMAL
284.93,549.44,65.02,61.41,141.98,1559,1.58,WARNING
75.0,141.12,34.13,45.97,70.39,390,0.41,NORMAL
109.65,247.97,26.64,28.31,64.25,537,0.1,NORMAL
78.72,168.89,34.1,38.29,40.38,350,0.23,NORMAL
115.24,184.8,25.87,47.43,66.44,555,0.1,NORMAL
96.67,119.09,23.02,39.93,46.62,460,0.24,NORMAL
85.17,121.62,21.47,38.02,42.62,519,0.42,NORMAL
79.38,185.83,22.76,32.59,50.37,489,0.41,NORMAL
291.82,470.88,54.28,78.53,303.45,1306,1.99,WARNING
89.36,191.15,24.06,51.07,51.48,589,0.79,NORMAL
85.35,260.02,37.8,47.07,26.64,517,0.68,NORMAL
112.93,162.77,26.95,52.17,42.7,394,0.34,NORMAL
110.65,210.01,19.87,58.36,64.84,618,0.36,NORMAL
79.14,227.48,9.95,43.14,53.86,519,0.35,NORMAL
97.6,194.37,38.03,38.53,59.04,579,0.46,NORMAL
102.78,236.96,32.76,51.89,54.49,531,0.49,NORMAL
77.59,171.16,16.54,46.07,61.97,496,0.51,NORMAL
103.4,177.07,30.27,37.98,42.56,514,0.65,NORMAL
92.47,144.09,15.89,35.17,60.11,406,0.44,NORMAL
339.27,437.11,59.61,56.69,221.73,1694,1.64,WARNING
296.31,544.84,56.17,67.68,115.5,1333,1.68,WARNING
539.96,1419.28,82.56,86.96,436.93,4070,4.83,HIGH_LOAD
383.66,644.26,56.67,64.15,110.79,1252,2.07,WARNING
85.47,278.48,29.15,46.02,77.31,427,0.47,NORMAL
85.69,198.08,40.89,44.48,33.43,512,0.49,NORMAL
89.8,169.45,9.44,41.45,67.63,357,0.6,NORMAL
95.43,205.42,37.01,40.47,54.49,580,0.62,NORMAL
269.32,498.48,57.95,70.99,181.56,1548,1.33,WARNING
282.0,507.19,55.19,68.79,262.32,1692,0.75,WARNING
70.02,274.2,26.38,55.44,33.91,501,0.62,NORMAL
663.17,1266.23,86.36,84.36,589.03,3281,3.68,HIGH_LOAD
108.41,238.63,33.6,48.49,35.65,442,0.34,NORMAL
91.64,182.82,5.3,45.75,35.02,510,0.34,NORMAL
92.02,215.38,16.73,28.23,46.9,512,0.55,NORMAL
346.2,668.77,59.55,68.01,191.61,1658,1.4,WARNING
574.42,1520.68,89.96,94.07,418.13,2115,2.72,HIGH_LOAD
302.19,679.53,57.05,66.29,166.07,1709,1.3,WARNING
273.66,562.44,49.12,69.93,190.16,1040,1.51,WARNING
624.52,1197.98,84.23,91.51,532.83,3335,3.24,HIGH_LOAD
114.13,319.1,12.37,30.88,57.87,372,0.22,NORMAL
89.46,261.51,34.81,42.8,36.85,437,0.47,NORMAL
267.31,677.27,53.54,64.9,242.34,1586,1.94,WARNING
111.11,247.48,33.05,42.04,52.04,587,0.47,NORMAL
106.24,242.17,39.44,44.28,57.53,398,0.39,NORMAL
114.8,274.81,56.83,37.24,43.05,582,0.33,NORMAL
108.25,288.07,9.68,38.3,56.95,578,0.56,NORMAL
455.82,483.87,70.55,71.46,180.55,1763,1.35,WARNING
276.57,751.13,55.63,69.72,232.98,2058,1.62,WARNING
70.16,151.62,6.25,59.91,39.69,330,0.4,NORMAL
84.55,197.21,30.15,50.89,40.84,362,0.56,NORMAL
89.89,159.07,36.98,24.05,63.48,629,0.45,NORMAL
246.12,544.05,77.99,69.71,133.11,1004,1.99,WARNING
125.25,126.93,28.25,34.8,40.99,603,0.37,NORMAL
468.78,1005.47,83.04,86.79,621.08,3247,3.64,HIGH_LOAD
66.36,209.23,31.82,36.75,21.39,519,0.58,NORMAL
110.09,143.9,34.41,37.45,42.78,418,0.22,NORMAL
140.44,113.72,21.97,34.78,46.49,464,0.86,NORMAL
818.54,542.4,93.93,90.54,312.78,3047,3.77,HIGH_LOAD
78.92,234.38,37.17,51.58,59.9,479,0.9,NORMAL
81.44,227.65,21.61,37.38,59.24,429,0.63,NORMAL
352.16,548.91,62.74,46.07,305.55,1226,1.78,WARNING
127.96,214.97,16.37,30.62,58.87,448,0.64,NORMAL
118.98,225.94,45.14,43.44,55.09,676,0.74,NORMAL
72.11,244.83,20.71,33.31,67.14,553,0.64,NORMAL
570.59,1395.43,88.94,95.8,541.49,3244,3.57,HIGH_LOAD
119.18,231.31,32.07,37.15,60.15,431,0.77,NORMAL
78.32,170.97,23.41,32.7,47.56,669,0.74,NORMAL
686.89,1247.39,81.14,87.37,527.91,1920,3.57,HIGH_LOAD
95.22,188.12,27.7,57.69,50.25,419,0.65,NORMAL
517.74,1159.81,80.35,92.43,418.67,2805,4.67,HIGH_LOAD
472.39,1720.49,90.03,95.53,578.8,2946,4.53,HIGH_LOAD
324.56,775.75,69.93,63.5,283.23,842,1.23,WARNING
196.64,380.08,55.29,72.07,196.29,1788,0.91,WARNING
115.25,159.77,8.43,42.39,59.84,506,0.49,NORMAL
291.49,674.28,91.94,56.4,147.75,1921,0.88,WARNING
87.87,229.03,30.09,22.42,46.43,361,0.26,NORMAL
686.66,1180.87,91.64,94.86,449.59,2307,2.95,HIGH_LOAD
668.09,1412.37,97.98,91.23,499.84,2880,4.17,HIGH_LOAD
65.68,226.31,12.82,38.66,36.01,439,0.69,NORMAL
98.46,204.23,45.14,45.69,61.94,596,0.47,NORMAL
96.65,251.54,31.17,33.26,74.45,663,0.48,NORMAL
328.0,806.85,60.54,64.19,239.03,1327,1.49,WARNING
89.42,252.72,39.23,39.75,40.29,441,0.46,NORMAL
321.58,517.28,54.92,68.0,187.67,1635,1.75,WARNING
716.7,1945.42,97.49,91.77,370.94,3048,2.41,HIGH_LOAD
105.74,155.52,28.44,50.48,64.36,640,0.56,NORMAL
132.29,104.34,41.95,33.15,39.4,412,0.47,NORMAL
127.31,218.78,19.72,33.53,30.11,460,0.36,NORMAL
650.15,1073.89,94.62,87.25,428.25,2598,2.63,HIGH_LOAD
101.35,146.28,35.99,25.75,50.19,534,0.12,NORMAL
213.25,851.74,57.36,62.06,259.99,1171,1.36,WARNING
103.22,139.27,31.89,34.32,39.53,562,0.54,NORMAL
106.27,164.4,29.63,41.64,41.5,513,0.21,NORMAL
115.73,234.87,15.6,43.77,71.76,460,0.39,NORMAL
224.99,784.65,67.65,71.95,182.14,1934,1.5,WARNING
117.56,206.49,36.39,25.0,58.1,448,0.19,NORMAL
276.9,597.4,43.9,72.93,339.54,1539,1.58,WARNING
107.12,151.81,16.07,34.05,49.3,344,0.6,NORMAL
91.38,158.88,10.31,28.65,52.03,565,0.57,NORMAL
271.44,533.13,51.42,76.22,227.62,1414,1.68,WARNING
103.73,237.37,26.63,35.85,75.53,582,0.7,NORMAL
99.0,166.91,37.63,55.62,57.8,527,0.41,NORMAL
648.59,889.92,86.22,94.65,614.5,2647,2.96,HIGH_LOAD
327.4,656.83,40.71,68.4,212.89,1465,2.65,WARNING
635.24,1671.7,90.59,95.25,444.37,2778,4.05,HIGH_LOAD
87.32,209.64,25.55,42.92,46.51,543,0.3,NORMAL
93.15,137.76,4.61,60.24,12.59,547,0.24,NORMAL
102.76,244.2,18.33,51.41,36.99,462,0.13,NORMAL
327.09,593.75,80.45,70.69,110.48,1620,1.4,WARNING
758.6,1662.01,80.19,92.68,509.76,2548,2.24,HIGH_LOAD
275.42,635.14,79.58,89.92,186.9,1581,1.64,WARNING
104.95,157.13,38.48,41.76,50.53,505,0.64,NORMAL
121.73,122.84,46.0,42.77,72.34,514,0.44,NORMAL
499.67,1567.42,98.11,93.48,655.67,3075,4.11,HIGH_LOAD
782.8,1181.83,88.22,87.46,622.25,3242,3.46,HIGH_LOAD
96.56,225.44,20.09,31.26,41.47,582,0.71,NORMAL
295.81,770.93,65.57,67.67,174.62,1500,1.28,WARNING
57.95,225.33,9.07,38.2,58.22,388,0.69,NORMAL
703.75,1378.26,95.66,87.13,567.28,2521,3.19,HIGH_LOAD
86.85,170.46,18.28,38.28,67.5,590,0.74,NORMAL
121.98,238.61,39.17,37.51,43.59,408,0.15,NORMAL
113.54,275.0,37.61,40.18,43.29,488,0.58,NORMAL
309.69,458.14,58.21,73.79,188.16,1281,1.04,WARNING
106.5,211.45,34.31,36.42,48.05,458,0.64,NORMAL
644.93,879.57,92.74,88.54,562.21,2905,4.14,HIGH_LOAD
137.78,237.27,9.2,46.73,58.27,620,0.29,NORMAL
491.28,798.91,92.88,86.5,553.8,3023,2.92,HIGH_LOAD
104.6,123.55,29.12,41.82,65.98,383,0.56,NORMAL
98.48,114.23,35.22,46.2,51.76,460,0.72,NORMAL
126.04,201.99,32.5,28.26,29.78,520,0.59,NORMAL
342.7,461.96,64.61,59.38,210.96,1107,1.58,WARNING
60.64,220.88,39.09,33.36,40.76,516,0.42,NORMAL
742.76,1248.35,82.44,88.88,438.98,2946,4.63,HIGH_LOAD
686.78,1089.45,89.83,91.75,621.36,3118,3.88,HIGH_LOAD
92.32,270.55,32.06,32.44,65.96,504,0.78,NORMAL
235.92,587.19,63.93,70.44,225.98,1420,1.71,WARNING
89.84,244.3,43.61,40.99,63.32,436,0.56,NORMAL
106.16,193.24,22.12,37.08,47.51,505,0.15,NORMAL
100.53,239.28,28.92,24.85,55.12,582,0.56,NORMAL
273.65,821.27,64.03,66.36,287.62,1517,1.09,WARNING
98.96,185.16,16.6,55.8,49.53,414,0.63,NORMAL
101.18,219.07,24.63,54.12,34.3,531,0.74,NORMAL
331.34,614.8,70.98,65.42,234.42,1607,1.85,WARNING
329.84,596.89,59.52,54.42,204.29,1095,0.9,WARNING
231.61,725.18,47.54,58.6,157.56,1207,1.31,WARNING
96.02,234.35,21.74,44.25,29.58,388,0.48,NORMAL
248.02,499.8,67.97,68.24,225.13,1481,1.44,WARNING
286.52,680.87,77.32,55.38,224.32,1198,1.17,WARNING
90.84,177.4,23.72,44.99,35.73,613,0.1,NORMAL
78.71,203.49,33.94,31.37,66.34,618,0.62,NORMAL
68.05,225.01,26.8,41.1,36.25,525,0.11,NORMAL
556.54,808.56,94.52,87.65,621.61,2626,3.98,HIGH_LOAD
259.43,563.69,71.68,67.44,256.47,1566,0.91,WARNING
83.49,107.43,42.53,44.88,31.49,323,0.37,NORMAL
362.56,562.94,64.74,69.29,246.76,1738,2.03,WARNING
102.86,255.26,28.51,38.54,32.66,473,0.55,NORMAL
102.96,219.94,23.0,43.32,42.14,520,0.78,NORMAL
90.26,174.41,28.39,24.8,46.7,545,0.55,NORMAL
83.82,254.57,25.92,27.76,35.97,589,0.71,NORMAL
709.49,1460.6,84.76,84.66,415.43,3375,3.56,HIGH_LOAD
85.71,183.98,40.51,32.38,54.94,511,0.16,NORMAL
107.15,224.11,30.13,31.97,60.13,399,0.59,NORMAL
286.27,659.61,55.11,85.7,238.42,1479,1.75,WARNING
514.59,1198.7,94.77,93.1,412.96,2916,3.25,HIGH_LOAD
725.96,1440.91,89.96,85.34,511.33,2720,2.39,HIGH_LOAD
94.87,199.6,43.07,37.83,65.91,507,0.19,NORMAL
317.41,599.29,63.36,63.12,174.17,1304,1.5,WARNING
89.0,259.55,5.8,34.82,53.47,394,0.7,NORMAL
99.97,290.32,18.65,39.21,64.78,386,0.29,NORMAL
105.93,190.59,30.54,49.3,53.48,631,0.1,NORMAL
299.04,544.01,85.5,65.54,222.7,1874,1.06,WARNING
442.81,1282.09,92.54,90.71,596.22,3476,2.65,HIGH_LOAD
82.38,194.3,22.38,42.08,85.25,492,0.77,NORMAL
76.77,246.54,25.59,38.66,41.61,349,0.43,NORMAL
52.84,284.33,38.33,35.78,83.05,490,0.3,NORMAL
113.12,246.93,23.84,43.94,65.52,548,0.54,NORMAL
90.86,166.29,20.04,26.12,52.74,506,0.4,NORMAL
115.32,182.0,17.13,36.01,62.11,292,0.66,NORMAL
482.62,688.22,97.87,100.0,542.68,2949,3.32,HIGH_LOAD
94.29,258.45,37.58,27.52,48.99,515,0.5,NORMAL
659.64,819.97,89.61,98.89,255.83,3312,4.19,HIGH_LOAD
391.25,665.1,75.36,72.49,255.86,1670,1.61,WARNING
316.83,665.99,49.52,59.81,254.23,1416,1.26,WARNING
631.6,1615.57,82.59,82.96,327.1,2350,2.56,HIGH_LOAD
70.49,235.69,26.74,39.7,42.82,477,0.22,NORMAL
447.04,959.8,100.0,93.32,479.02,3349,3.08,HIGH_LOAD
108.71,183.25,22.43,41.49,48.33,386,0.26,NORMAL
234.32,911.52,78.49,81.75,288.54,1552,1.18,WARNING
83.84,212.53,26.69,27.42,45.66,543,0.57,NORMAL
355.87,1162.15,90.85,90.06,456.88,2998,3.89,HIGH_LOAD
79.95,150.09,35.86,47.87,39.3,357,0.41,NORMAL
329.94,458.05,58.18,55.14,248.6,1090,1.48,WARNING
92.71,136.66,33.62,40.5,35.68,274,0.35,NORMAL
479.15,1032.88,86.68,82.97,328.04,2648,4.21,HIGH_LOAD
82.56,102.25,40.02,38.17,64.69,526,0.25,NORMAL
706.5,1105.21,91.52,91.58,496.01,3220,3.67,HIGH_LOAD
98.51,236.51,16.2,37.36,66.87,412,0.19,NORMAL
80.42,223.73,38.15,36.28,56.41,476,0.36,NORMAL
342.34,681.92,71.84,74.33,144.77,1304,1.61,WARNING
79.09,202.75,20.99,49.72,34.52,550,0.62,NORMAL
324.4,457.18,57.32,51.51,214.62,1371,1.33,WARNING
591.63,1379.45,75.9,87.01,325.76,2402,5.42,HIGH_LOAD
93.85,226.34,36.69,22.88,60.05,459,0.55,NORMAL
89.11,173.38,33.16,40.85,29.55,509,0.69,NORMAL
118.14,154.5,37.31,55.08,50.09,517,0.1,NORMAL
110.23,197.56,43.05,52.77,71.74,496,0.71,NORMAL
254.53,546.49,48.91,77.22,215.36,1518,0.97,WARNING
269.17,576.27,67.27,64.1,235.04,1260,1.81,WARNING
100.94,142.81,37.47,38.85,36.19,380,0.31,NORMAL
157.82,213.42,43.27,39.23,42.01,594,0.42,NORMAL
254.13,408.1,65.59,64.63,209.22,1176,0.91,WARNING
98.52,218.46,36.3,39.1,51.58,570,0.31,NORMAL
105.93,81.92,35.97,42.96,30.34,481,0.61,NORMAL
77.89,148.12,25.97,39.17,30.48,478,0.44,NORMAL
77.2,205.16,26.67,34.84,53.47,651,0.55,NORMAL
104.68,234.37,32.35,35.83,45.96,354,0.78,NORMAL
67.95,281.26,36.62,41.68,35.56,602,0.14,NORMAL
145.14,199.04,43.23,37.46,41.5,313,0.73,NORMAL
325.72,769.0,71.73,86.05,189.43,2015,1.44,WARNING
97.15,196.89,31.13,30.68,35.52,542,0.32,NORMAL
322.05,816.07,71.59,80.4,226.89,1524,2.03,WARNING
78.95,230.88,15.36,52.06,74.67,298,0.6,NORMAL
123.73,240.96,9.68,41.26,50.86,649,0.67,NORMAL
91.12,290.87,26.7,33.51,56.31,492,0.26,NORMAL
248.12,733.69,55.93,58.76,280.37,1696,1.93,WARNING
96.03,286.32,35.14,42.64,50.6,623,0.33,NORMAL
278.43,800.56,48.97,80.42,212.66,2104,1.31,WARNING
101.6,202.41,43.24,27.8,44.58,449,0.62,NORMAL
49.78,257.74,26.87,51.62,53.33,369,0.15,NORMAL
217.35,669.79,61.75,82.47,222.34,1569,1.59,WARNING
233.14,657.32,66.33,69.6,146.81,1579,1.03,WARNING
143.48,224.49,17.04,30.31,52.24,450,0.29,NORMAL
538.24,1139.9,93.44,75.24,399.59,3534,3.09,HIGH_LOAD
81.51,220.55,41.29,39.02,46.02,481,0.27,NORMAL
71.42,264.32,26.26,26.71,38.49,512,0.33,NORMAL
247.71,498.21,74.55,61.52,174.57,1696,1.77,WARNING
115.84,203.73,34.42,39.68,58.66,492,0.58,NORMAL
224.47,694.68,88.0,55.56,237.54,739,1.5,WARNING
85.07,247.93,41.89,33.33,45.86,524,0.37,NORMAL
94.08,222.44,40.45,30.32,68.24,550,0.29,NORMAL
260.94,584.58,42.01,67.83,232.64,1026,2.02,WARNING
82.07,238.14,12.93,25.56,63.59,440,0.47,NORMAL
539.56,1883.5,86.73,88.84,460.14,3030,4.79,HIGH_LOAD
479.74,1947.37,91.34,87.18,550.02,3426,3.55,HIGH_LOAD
114.6,190.56,18.82,33.05,27.97,645,0.28,NORMAL
97.11,151.55,44.87,46.86,45.13,709,0.6,NORMAL
500.03,1083.24,93.51,97.56,650.96,3287,4.11,HIGH_LOAD
254.14,551.09,54.77,69.89,201.78,1484,1.38,WARNING
374.18,497.04,80.89,96.67,160.08,1622,1.54,WARNING
86.68,149.85,36.22,60.08,45.65,416,0.39,NORMAL
574.26,1957.85,99.04,97.01,508.25,2492,4.15,HIGH_LOAD
127.3,288.72,24.68,33.83,53.68,555,0.64,NORMAL
297.76,554.45,66.88,60.94,268.5,1277,1.34,WARNING
38.58,125.74,20.44,49.28,45.78,530,0.77,NORMAL
349.99,455.61,67.65,71.36,254.33,1462,2.03,WARNING
119.63,202.27,27.65,59.67,37.71,617,0.82,NORMAL
376.05,472.97,70.74,66.3,149.28,1256,1.46,WARNING
84.63,218.42,56.69,38.04,70.48,668,0.46,NORMAL
133.53,221.25,62.17,47.36,34.87,689,0.41,NORMAL
99.59,228.85,25.24,59.12,57.6,556,0.4,NORMAL
97.79,202.19,14.95,31.73,60.68,530,0.34,NORMAL
310.48,562.93,79.48,73.14,201.97,1627,1.93,WARNING
621.72,945.42,84.85,90.82,644.64,3872,2.68,HIGH_LOAD
470.7,1438.03,94.51,91.65,554.37,3549,3.1,HIGH_LOAD
387.64,489.72,77.97,64.71,160.64,1723,0.88,WARNING
79.44,163.85,41.45,36.54,47.99,521,0.33,NORMAL
110.85,222.11,41.26,44.02,70.74,415,0.35,NORMAL
111.44,222.87,28.58,30.6,70.19,489,0.32,NORMAL
86.82,100.3,26.25,50.06,35.98,564,0.4,NORMAL
93.13,211.78,31.49,58.56,57.96,821,0.57,NORMAL
89.6,184.58,28.27,28.48,64.2,515,0.41,NORMAL
99.82,186.0,26.29,41.69,43.94,578,0.54,NORMAL
83.95,227.22,13.47,54.0,36.83,646,0.75,NORMAL
124.31,179.99,20.72,37.32,60.6,575,0.61,NORMAL
92.56,284.77,29.84,55.4,30.75,491,0.33,NORMAL
148.12,204.89,23.52,42.95,41.47,447,0.21,NORMAL
282.31,469.32,65.33,62.38,229.89,1357,1.93,WARNING
291.66,382.88,55.4,61.44,169.54,1894,1.49,WARNING
128.61,248.43,34.49,29.27,44.19,440,0.71,NORMAL
521.9,884.78,85.47,90.04,519.11,2925,3.47,HIGH_LOAD
247.25,686.07,67.08,72.09,190.56,2057,1.6,WARNING
375.78,1338.19,96.07,84.09,552.2,3215,2.75,HIGH_LOAD
94.88,317.32,34.98,34.27,62.79,451,0.39,NORMAL
75.31,208.98,17.79,42.79,50.82,463,0.89,NORMAL
295.2,664.16,74.42,72.49,301.3,1168,1.97,WARNING
81.74,283.58,24.14,9.45,86.96,442,0.38,NORMAL
104.73,257.72,24.24,29.19,39.03,633,0.15,NORMAL
736.54,1323.29,93.0,83.84,511.16,2535,2.39,HIGH_LOAD
94.13,176.23,32.73,47.22,48.36,678,0.51,NORMAL
110.49,182.0,37.95,48.12,47.42,457,0.73,NORMAL
113.32,267.14,41.24,33.46,47.55,309,0.7,NORMAL
78.67,135.95,24.15,54.47,48.04,381,0.41,NORMAL
564.32,963.53,87.27,92.39,339.58,2618,3.37,HIGH_LOAD
312.7,375.88,38.29,99.57,209.48,1323,0.73,WARNING
96.71,240.35,30.36,36.6,42.74,577,0.86,NORMAL
686.41,1147.4,82.47,84.01,448.98,3321,2.4,HIGH_LOAD
464.74,833.77,87.83,84.65,580.44,2920,3.93,HIGH_LOAD
364.94,717.55,66.64,72.26,209.89,1702,1.66,WARNING
84.25,162.04,32.11,32.27,74.93,566,0.7,NORMAL
629.89,1183.65,91.68,92.59,509.53,3383,3.89,HIGH_LOAD
73.71,249.15,44.64,53.79,62.82,527,0.97,NORMAL
463.39,1330.25,91.89,90.68,390.58,4184,3.1,HIGH_LOAD
62.68,172.48,26.88,33.23,46.9,441,0.29,NORMAL
110.26,242.51,30.94,32.84,64.89,530,0.39,NORMAL
94.45,296.12,31.05,39.56,33.07,559,0.39,NORMAL
124.99,200.9,35.57,24.81,37.32,642,0.75,NORMAL
58.88,239.58,36.13,32.98,54.52,513,0.45,NORMAL
105.63,161.72,48.48,42.68,47.37,493,0.35,NORMAL
70.48,188.55,26.42,50.06,52.38,550,0.1,NORMAL
78.95,146.18,38.08,36.91,77.33,543,0.61,NORMAL
514.17,1314.29,87.51,91.64,428.43,3323,2.61,HIGH_LOAD
118.14,210.21,10.87,53.23,30.53,387,0.52,NORMAL
60.28,231.61,27.38,28.93,29.74,448,0.99,NORMAL
77.39,204.06,18.22,55.57,65.53,623,0.88,NORMAL
98.56,168.61,29.13,31.14,71.19,450,0.88,NORMAL
90.89,300.6,28.8,41.48,57.78,507,0.32,NORMAL
316.87,798.54,77.1,70.43,254.31,2249,1.51,WARNING
325.74,651.45,71.96,79.86,264.94,1429,2.03,WARNING
291.06,615.95,65.44,79.12,237.36,1778,1.81,WARNING
299.26,479.44,71.96,71.26,255.05,2276,1.03,WARNING
69.7,253.84,34.61,41.07,61.86,240,0.71,NORMAL
230.84,618.42,72.67,95.19,171.26,1249,2.09,WARNING
82.8,221.41,48.29,43.69,38.13,504,0.21,NORMAL
96.15,183.5,35.2,39.09,66.4,362,0.36,NORMAL
295.23,493.5,73.37,83.7,279.35,2040,0.97,WARNING
71.98,136.42,26.25,48.99,31.67,557,0.65,NORMAL
198.55,460.4,60.34,79.59,255.68,1624,1.57,WARNING
121.4,259.53,26.23,39.13,65.94,592,0.54,NORMAL
352.99,831.36,56.49,77.12,186.17,1351,1.14,WARNING
299.66,795.24,60.43,66.29,192.02,922,0.55,WARNING
331.3,332.97,63.98,77.36,130.9,1048,1.81,WARNING
76.63,188.97,6.27,35.25,46.97,370,0.29,NORMAL
126.8,190.64,39.57,62.65,58.92,630,0.42,NORMAL
108.26,204.07,18.85,32.02,43.18,412,0.57,NORMAL
89.39,171.1,30.37,40.85,63.46,481,0.25,NORMAL
93.02,155.95,31.59,37.54,52.12,404,0.53,NORMAL
353.62,578.81,66.09,63.63,243.02,1077,1.28,WARNING
332.64,883.5,73.8,77.47,154.89,1802,1.7,WARNING
96.38,240.72,33.71,26.87,46.1,465,0.42,NORMAL
102.09,81.77,36.76,21.4,60.6,475,0.46,NORMAL
106.54,231.82,44.43,35.11,44.91,553,1.01,NORMAL
83.14,296.36,22.17,31.07,48.98,377,0.82,NORMAL
80.32,206.82,27.61,32.57,67.32,431,0.77,NORMAL
108.4,252.23,38.79,40.87,51.46,412,0.73,NORMAL
288.75,514.78,71.79,68.76,179.35,1173,1.76,WARNING
112.57,188.29,47.78,40.63,68.91,423,0.25,NORMAL
83.64,212.9,45.08,40.84,62.91,369,0.24,NORMAL
79.72,113.78,24.25,45.78,41.72,471,0.38,NORMAL
716.84,661.42,93.16,85.67,457.44,2567,2.81,HIGH_LOAD
694.12,769.78,94.95,96.44,564.02,2594,2.5,HIGH_LOAD
97.39,216.29,24.08,41.47,44.77,557,0.58,NORMAL
309.54,679.33,67.21,70.0,237.67,1608,1.15,WARNING
106.98,128.63,27.98,45.9,53.55,571,0.48,NORMAL
96.42,241.0,36.02,36.68,83.09,556,0.5,NORMAL
310.12,626.63,61.21,59.31,227.85,1029,1.13,WARNING
515.1,1447.41,98.34,100.0,534.47,3004,3.22,HIGH_LOAD
137.57,198.77,35.34,50.21,59.93,495,0.35,NORMAL
116.72,172.51,34.22,25.46,47.71,417,0.7,NORMAL
82.83,276.07,46.8,26.63,55.98,659,0.7,NORMAL
133.4,180.87,31.95,39.34,60.94,509,0.54,NORMAL
105.84,247.54,20.46,45.96,60.96,417,0.33,NORMAL
89.34,221.32,24.82,35.07,26.51,551,0.57,NORMAL
126.76,183.08,38.69,49.92,64.4,448,0.32,NORMAL
119.81,240.58,20.1,22.04,66.27,301,0.57,NORMAL
100.9,111.54,9.57,39.81,52.12,691,0.55,NORMAL
622.96,1361.44,88.49,100.0,653.49,3247,3.56,HIGH_LOAD
282.87,645.17,74.85,87.94,161.56,1199,1.52,WARNING
369.2,526.42,66.33,58.0,233.01,1352,1.32,WARNING
91.94,174.01,24.26,49.94,52.85,627,0.1,NORMAL
85.19,144.42,46.55,23.5,61.48,452,0.39,NORMAL
104.82,150.09,36.33,33.84,34.74,624,0.49,NORMAL
70.06,197.6,25.73,32.74,49.58,390,0.42,NORMAL
369.04,630.37,74.76,78.97,196.96,1620,0.47,WARNING
138.46,156.11,23.88,37.26,79.77,377,0.56,NORMAL
485.37,1432.33,86.65,91.61,565.74,2895,2.79,HIGH_LOAD
390.62,714.87,78.69,73.08,258.56,1197,1.23,WARNING
98.18,302.26,14.94,56.89,30.74,542,0.1,NORMAL
124.99,196.11,38.02,32.29,36.68,596,0.1,NORMAL
126.12,269.7,15.35,42.94,62.43,686,0.85,NORMAL
99.68,273.57,32.13,49.49,40.83,661,0.71,NORMAL
64.16,124.89,31.18,56.35,56.23,503,0.33,NORMAL
686.36,1055.53,83.29,90.43,510.29,2515,2.55,HIGH_LOAD
139.72,175.22,43.41,42.97,34.33,512,0.53,NORMAL
91.61,300.93,40.36,43.54,48.21,342,0.35,NORMAL
150.4,102.24,10.91,40.76,27.31,421,0.37,NORMAL
721.9,1204.94,92.37,92.53,627.0,2395,4.24,HIGH_LOAD
91.05,292.07,34.26,27.69,43.5,603,0.74,NORMAL
322.25,508.82,57.81,77.63,142.79,1429,2.2,WARNING
249.22,817.4,76.12,58.2,272.23,1451,1.68,WARNING
659.69,1258.61,80.05,85.57,316.98,2636,3.94,HIGH_LOAD
118.44,209.93,31.41,39.86,35.82,454,0.5,NORMAL
81.94,193.39,34.23,34.54,59.79,547,0.48,NORMAL
342.97,773.02,71.21,50.46,210.57,2079,1.89,WARNING
85.98,229.33,41.39,39.94,50.56,413,0.57,NORMAL
99.39,138.59,10.73,53.82,56.53,454,0.43,NORMAL
296.88,627.89,80.76,74.95,186.16,1532,1.86,WARNING
66.96,133.01,41.11,43.6,52.1,634,0.34,NORMAL
79.51,177.78,24.38,47.44,37.93,320,0.72,NORMAL
91.48,237.2,15.24,39.13,50.57,351,0.26,NORMAL
75.39,252.9,31.01,64.83,39.37,414,0.81,NORMAL
103.61,160.73,30.43,39.82,37.97,398,0.43,NORMAL
99.75,161.13,1.0,31.18,42.08,384,0.62,NORMAL
70.52,261.84,37.81,45.3,80.83,680,0.34,NORMAL
283.78,490.77,75.45,71.13,206.2,1884,1.54,WARNING
142.05,224.7,35.73,53.68,67.13,429,0.56,NORMAL
76.67,200.28,25.15,43.4,53.81,365,0.15,NORMAL
103.27,214.65,21.37,35.91,59.3,391,0.43,NORMAL
522.17,1634.07,94.58,89.25,470.27,2885,2.77,HIGH_LOAD
76.04,178.9,42.32,22.64,59.42,431,0.71,NORMAL
301.55,931.64,53.01,74.69,164.95,1248,2.06,WARNING
113.38,205.38,33.34,39.02,41.92,658,0.84,NORMAL
265.81,394.53,60.36,60.55,250.11,1339,1.59,WARNING
324.83,646.61,74.83,78.89,172.4,1761,1.91,WARNING
306.82,778.67,66.71,82.56,253.75,1145,1.89,WARNING
560.31,1525.08,89.43,93.64,538.46,3451,3.08,HIGH_LOAD
87.63,216.03,43.05,51.44,79.7,490,0.54,NORMAL
741.2,1134.27,77.18,89.21,450.03,2571,2.28,HIGH_LOAD
669.35,764.18,95.53,88.8,304.51,3112,1.76,HIGH_LOAD
82.4,137.8,24.09,51.39,27.48,650,0.34,NORMAL
97.23,257.5,21.15,47.1,43.28,384,0.59,NORMAL
589.0,1212.23,87.51,99.84,779.21,2558,2.64,HIGH_LOAD
186.35,372.83,71.42,70.06,202.32,1481,1.05,WARNING
308.91,626.1,68.54,77.29,240.09,1836,1.19,WARNING
129.65,233.67,36.9,45.65,66.22,441,0.39,NORMAL
342.36,518.11,66.55,81.41,201.02,1675,1.68,WARNING
81.97,218.94,23.29,44.7,52.4,486,0.64,NORMAL
68.87,203.02,22.75,32.28,46.58,300,0.73,NORMAL
293.29,615.42,64.45,82.66,99.38,2063,1.78,WARNING
97.54,222.72,33.24,43.76,43.34,435,0.63,NORMAL
129.35,233.53,37.7,40.03,72.22,503,0.5,NORMAL
113.33,233.65,32.35,36.42,31.96,498,0.26,NORMAL
101.23,258.12,39.77,41.7,67.47,380,0.35,NORMAL
55.28,184.16,30.45,51.63,50.11,557,0.61,NORMAL
51.36,176.45,34.8,43.98,52.08,565,0.6,NORMAL
109.44,152.36,34.76,41.99,38.45,567,0.49,NORMAL
534.1,1747.72,92.24,85.78,559.65,2120,2.46,HIGH_LOAD
570.91,1166.12,85.07,99.73,396.6,2575,3.34,HIGH_LOAD
112.04,140.05,15.42,37.26,43.46,451,0.87,NORMAL
369.77,984.83,53.14,74.04,178.86,1356,1.13,WARNING
95.03,189.07,28.23,31.02,72.59,689,0.47,NORMAL
135.04,166.08,29.11,29.38,48.33,379,0.46,NORMAL
110.22,169.64,19.63,47.38,51.74,422,0.52,NORMAL
292.95,498.83,44.34,69.48,238.83,1787,2.02,WARNING
559.7,716.83,94.21,89.25,430.11,2807,4.12,HIGH_LOAD
337.33,589.46,62.94,78.04,146.87,1228,1.88,WARNING
95.07,268.35,39.05,49.39,48.68,494,0.55,NORMAL
277.54,383.6,78.87,73.59,178.35,1882,1.43,WARNING
93.65,214.9,34.81,55.68,46.82,243,0.19,NORMAL
83.58,210.35,14.72,26.95,50.03,342,0.21,NORMAL
87.65,135.56,41.97,36.36,41.06,458,0.28,NORMAL
75.19,165.44,12.27,30.05,62.32,499,0.42,NORMAL
98.37,181.36,14.1,40.59,49.27,505,0.49,NORMAL
458.16,727.71,96.5,89.94,463.23,3291,2.57,HIGH_LOAD
111.13,216.49,35.0,54.93,42.71,569,0.34,NORMAL
120.55,201.31,34.94,50.31,40.73,386,0.77,NORMAL
353.24,764.85,34.44,67.18,176.54,1738,1.32,WARNING
88.84,273.41,32.33,31.85,47.75,463,0.52,NORMAL
121.91,164.96,26.4,20.66,65.24,600,0.1,NORMAL
338.03,434.31,62.61,68.27,159.73,770,0.93,WARNING
641.9,1423.39,94.49,90.57,515.34,1682,2.83,HIGH_LOAD
103.96,272.69,48.83,39.05,26.27,689,0.42,NORMAL
662.58,1589.77,80.25,86.3,470.48,2640,3.22,HIGH_LOAD
92.74,255.72,35.86,26.0,60.6,387,0.55,NORMAL
75.46,193.61,26.62,46.19,33.33,433,0.46,NORMAL
108.47,121.56,38.08,24.71,46.24,405,0.28,NORMAL
217.87,576.45,63.72,68.66,254.78,2079,1.56,WARNING
77.79,185.75,11.42,46.12,21.65,355,0.37,NORMAL
330.07,750.39,56.8,50.66,238.72,1256,1.51,WARNING
93.56,223.66,32.78,36.66,82.03,628,0.92,NORMAL
691.21,1244.65,88.9,94.65,534.53,2519,2.71,HIGH_LOAD
123.31,246.84,41.51,50.42,54.38,501,0.72,NORMAL
510.73,1497.15,95.05,93.28,401.45,2492,3.75,HIGH_LOAD
139.29,155.68,32.55,46.41,32.52,495,0.48,NORMAL
108.8,107.26,33.55,47.73,27.8,499,0.67,NORMAL
49.11,230.78,24.9,30.31,49.14,494,0.57,NORMAL
122.84,253.37,19.58,28.63,72.65,680,0.38,NORMAL
135.55,260.29,36.73,50.61,44.82,507,0.61,NORMAL
96.95,269.5,24.29,55.81,45.42,579,0.78,NORMAL
109.09,122.2,27.65,35.58,43.57,410,0.49,NORMAL
356.6,730.74,47.58,84.01,209.17,1508,1.94,WARNING
75.13,219.68,20.15,35.74,36.75,634,0.36,NORMAL
329.22,424.77,72.74,78.63,96.1,1407,1.89,WARNING
681.71,973.31,90.8,91.85,599.62,3070,4.04,HIGH_LOAD
86.21,171.76,43.8,45.34,29.29,418,0.39,NORMAL
131.37,216.44,39.24,42.97,77.94,488,0.6,NORMAL
109.45,200.2,33.18,33.16,43.73,426,0.9,NORMAL
770.42,992.42,94.64,95.56,387.12,3559,3.34,HIGH_LOAD
53.09,199.2,27.06,19.69,59.01,531,0.3,NORMAL
56.23,170.81,43.36,42.39,58.19,451,0.64,NORMAL
308.13,476.76,79.62,71.74,166.55,1755,1.73,WARNING
103.88,292.27,18.04,34.85,61.18,538,0.59,NORMAL
119.92,158.1,16.37,32.34,44.98,393,0.76,NORMAL
101.1,185.13,22.97,5.96,75.56,366,0.21,NORMAL
99.15,183.76,18.05,40.17,39.12,589,0.46,NORMAL
76.22,258.38,18.95,44.56,55.99,473,0.46,NORMAL
651.42,1139.46,93.77,92.69,517.8,2784,3.17,HIGH_LOAD
109.78,153.84,22.95,46.89,57.29,477,0.16,NORMAL
130.37,248.29,17.42,40.91,34.9,703,0.62,NORMAL
137.94,195.62,28.95,40.17,27.02,510,0.63,NORMAL
99.73,99.04,27.87,67.09,59.79,479,0.59,NORMAL
58.86,172.77,55.21,46.64,46.03,647,0.1,NORMAL
309.85,536.65,86.42,71.7,222.57,1598,1.99,WARNING
85.42,151.82,32.94,25.44,65.53,455,0.23,NORMAL
569.35,1130.77,94.97,85.15,539.78,2852,4.16,HIGH_LOAD
100.18,199.38,27.41,29.59,51.02,573,0.36,NORMAL
88.97,151.48,29.45,40.22,49.96,326,0.6,NORMAL
118.39,257.18,30.09,38.97,36.78,352,0.32,NORMAL
92.27,216.79,26.2,46.06,39.12,420,0.14,NORMAL
116.41,148.29,32.83,41.87,56.95,603,0.51,NORMAL
103.76,253.72,37.18,39.11,62.48,535,0.34,NORMAL
280.6,484.6,52.13,74.49,261.44,1336,1.79,WARNING
112.91,296.2,47.11,19.86,44.68,406,0.63,NORMAL
113.78,185.76,30.17,38.15,58.61,574,0.1,NORMAL
88.31,250.5,36.2,27.61,33.0,460,0.44,NORMAL
93.75,144.99,24.51,44.17,45.32,560,0.81,NORMAL
106.46,197.64,12.26,48.93,53.17,577,0.1,NORMAL
313.22,576.53,64.35,81.95,263.59,1662,1.29,WARNING
75.4,243.21,24.22,62.66,72.05,606,0.2,NORMAL
271.1,507.03,94.44,89.74,215.17,1398,1.15,WARNING
114.21,159.75,44.59,51.14,59.78,540,0.81,NORMAL
279.37,760.88,72.17,81.89,247.79,1823,1.42,WARNING
125.8,172.67,15.8,20.2,60.9,643,0.45,NORMAL
117.84,169.9,38.67,29.69,49.62,398,0.33,NORMAL
110.57,219.71,31.85,40.68,64.52,585,0.61,NORMAL
387.02,561.58,83.07,100.0,449.38,3226,3.77,HIGH_LOAD
531.8,969.91,86.34,86.47,415.59,3283,2.23,HIGH_LOAD
62.82,138.38,41.72,26.11,47.41,425,0.72,NORMAL
84.36,210.61,49.42,16.15,43.24,510,0.34,NORMAL
355.62,417.25,61.38,68.81,231.83,2200,1.09,WARNING
287.75,726.12,60.11,66.15,294.22,1707,2.26,WARNING
56.11,263.0,26.32,43.1,47.88,511,0.34,NORMAL
91.79,244.08,29.5,25.86,57.23,414,0.61,NORMAL
98.51,186.95,12.88,45.94,47.94,492,0.68,NORMAL
94.2,277.02,38.31,57.72,64.44,427,0.49,NORMAL
104.79,118.44,35.95,46.17,28.81,672,0.26,NORMAL
153.31,522.82,57.81,71.95,190.99,1379,0.84,WARNING
330.95,820.53,55.76,65.61,215.96,1597,1.54,WARNING
134.29,208.64,28.55,56.62,62.77,560,0.16,NORMAL
100.42,207.82,29.81,37.14,35.98,585,0.42,NORMAL
299.65,582.71,59.09,66.0,289.05,1410,1.45,WARNING
294.01,457.03,49.37,71.35,183.19,2128,1.73,WARNING
251.65,680.13,71.0,86.43,161.75,1572,1.66,WARNING
101.49,160.3,30.3,27.87,72.63,513,0.48,NORMAL
124.51,179.26,37.25,45.08,63.31,636,0.61,NORMAL
399.34,952.76,94.62,82.36,213.02,1691,1.67,WARNING
613.74,861.02,88.41,82.4,573.24,3106,2.91,HIGH_LOAD
118.81,169.8,32.2,27.06,60.29,534,0.69,NORMAL
238.65,489.37,70.07,85.82,216.94,1380,1.92,WARNING
257.94,828.18,58.1,66.29,173.5,1610,1.07,WARNING
387.19,827.12,69.66,55.68,190.62,2147,1.33,WARNING
87.95,223.83,21.6,55.71,50.15,602,0.58,NORMAL
299.32,695.84,48.32,56.14,210.24,1643,2.04,WARNING
90.46,219.21,21.0,36.57,50.62,655,0.42,NORMAL
122.02,185.69,35.59,50.84,33.15,349,0.56,NORMAL
119.95,237.46,31.48,52.13,71.49,452,0.42,NORMAL
133.94,201.51,21.54,38.62,69.29,677,0.16,NORMAL
84.88,148.26,30.87,41.1,38.45,612,0.55,NORMAL
112.27,245.24,31.27,34.86,43.46,522,0.51,NORMAL
502.52,830.11,88.41,90.12,654.62,2736,3.66,HIGH_LOAD
106.81,136.42,17.8,31.39,41.83,624,0.39,NORMAL
315.29,637.55,71.1,66.4,213.89,1390,1.68,WARNING
144.34,115.96,35.17,28.36,64.22,449,0.46,NORMAL
103.72,193.35,22.75,46.09,35.62,549,0.58,NORMAL
490.51,1135.48,87.97,91.44,582.14,3002,4.47,HIGH_LOAD
105.9,201.39,37.73,47.17,71.11,369,0.4,NORMAL
116.01,193.33,27.13,38.1,49.1,538,0.5,NORMAL
267.69,586.21,59.33,66.34,266.3,1390,1.62,WARNING
73.74,138.92,37.13,39.78,30.72,596,0.44,NORMAL
69.88,226.95,36.52,36.86,53.14,704,0.7,NORMAL
275.76,507.89,64.66,92.2,213.42,1670,0.96,WARNING
117.41,219.89,27.96,37.23,31.68,576,0.53,NORMAL
118.61,155.13,13.0,41.84,76.48,568,0.63,NORMAL
69.0,150.82,38.98,43.76,34.24,323,0.69,NORMAL
73.72,282.0,30.19,51.86,28.42,512,0.38,NORMAL
254.48,630.86,62.89,74.4,176.91,1237,1.14,WARNING
111.21,180.42,25.59,33.1,72.09,554,0.63,NORMAL
91.52,150.91,32.03,66.26,16.18,487,0.64,NORMAL
293.26,742.55,69.31,62.24,206.66,1386,2.2,WARNING
103.87,257.55,43.18,39.71,62.61,457,0.77,NORMAL
95.73,182.07,46.68,44.79,58.16,648,0.17,NORMAL
719.87,1036.79,87.39,96.53,382.37,2889,3.43,HIGH_LOAD
85.27,224.87,36.34,33.01,24.43,341,0.49,NORMAL
520.59,1194.82,81.97,94.94,277.43,2245,3.9,HIGH_LOAD
129.18,215.12,43.14,44.03,57.89,483,0.66,NORMAL
245.57,830.11,65.76,76.03,197.42,1469,0.75,WARNING
72.65,276.71,36.37,35.74,58.24,559,0.45,NORMAL
258.44,346.88,62.65,58.95,182.74,1034,1.17,WARNING
360.43,620.25,73.37,70.24,213.54,1322,1.64,WARNING
82.07,175.49,24.68,40.14,23.91,449,0.66,NORMAL
85.28,200.13,19.25,31.86,61.5,518,0.47,NORMAL
126.15,155.34,25.25,39.18,68.67,552,0.22,NORMAL
256.89,822.98,63.83,48.89,248.64,1712,1.96,WARNING
262.65,417.7,50.49,63.71,208.42,1277,0.85,WARNING
450.33,727.16,74.16,69.4,224.61,803,1.35,WARNING
83.79,167.27,30.84,21.04,54.58,626,0.4,NORMAL
139.35,173.63,37.67,48.33,41.29,408,0.28,NORMAL
109.04,175.06,25.22,19.77,58.8,646,0.63,NORMAL
57.19,296.0,12.95,51.53,21.31,335,0.71,NORMAL
100.62,120.79,28.76,43.09,56.54,521,0.2,NORMAL
85.42,246.84,36.18,48.82,45.09,456,0.33,NORMAL
463.21,1010.0,90.9,87.9,583.61,2507,2.54,HIGH_LOAD
110.4,254.14,17.84,32.31,75.33,565,0.39,NORMAL
253.05,580.87,64.17,71.63,259.27,1690,1.56,WARNING
601.53,1738.1,90.08,80.82,434.54,2524,2.96,HIGH_LOAD
274.77,394.78,75.26,84.52,217.87,1599,2.22,WARNING
65.5,190.99,43.26,29.93,39.26,598,0.44,NORMAL
687.94,1465.48,85.21,91.92,426.62,3300,3.53,HIGH_LOAD
147.53,173.55,4.92,37.28,66.09,427,0.54,NORMAL
311.52,383.89,68.81,77.19,122.15,1795,1.66,WARNING
316.77,683.2,61.6,67.47,255.65,1542,1.88,WARNING
94.43,160.6,38.74,39.04,67.6,408,0.32,NORMAL
612.67,1359.46,85.57,83.85,578.67,3836,3.33,HIGH_LOAD
629.48,1200.38,87.63,80.75,603.54,3091,2.91,HIGH_LOAD
276.69,498.05,56.45,58.46,262.63,1242,1.77,WARNING
336.72,937.16,56.63,72.56,185.71,1216,0.78,WARNING
544.11,1215.52,93.53,90.83,438.99,2264,1.87,HIGH_LOAD
583.43,1243.33,98.86,88.94,663.51,3015,3.22,HIGH_LOAD
100.75,159.11,20.66,40.28,54.99,394,0.65,NORMAL
99.33,224.88,14.86,43.22,51.14,456,0.62,NORMAL
240.15,493.55,55.43,50.49,154.28,1547,1.25,WARNING
99.99,206.26,23.81,50.66,56.24,422,0.42,NORMAL
92.06,240.49,36.11,35.02,36.43,595,0.34,NORMAL
317.86,672.43,57.91,74.18,124.61,1662,1.19,WARNING
107.45,149.73,31.55,29.98,34.88,464,0.42,NORMAL
297.63,619.69,66.7,67.68,213.66,1325,1.47,WARNING
127.34,204.99,22.2,52.26,48.62,660,0.57,NORMAL
117.05,237.62,28.29,19.92,59.84,408,0.65,NORMAL
619.26,953.43,90.67,96.19,538.55,3167,1.88,HIGH_LOAD
75.05,186.24,44.35,42.5,52.55,591,0.56,NORMAL
91.23,224.23,21.14,34.68,46.56,603,0.52,NORMAL
103.71,114.91,30.17,41.57,79.49,380,0.31,NORMAL
101.85,185.09,30.79,27.8,47.72,493,0.83,NORMAL
760.51,1597.09,93.07,89.68,271.87,3464,4.25,HIGH_LOAD
371.23,1208.62,97.13,96.6,466.37,3124,3.96,HIGH_LOAD
115.66,127.85,14.14,42.95,27.91,526,0.27,NORMAL
136.21,247.7,22.23,28.31,25.19,498,0.64,NORMAL
73.28,86.14,34.48,40.24,50.86,494,0.53,NORMAL
256.29,1052.07,68.58,50.83,199.43,1530,1.56,WARNING
262.24,488.68,59.66,65.02,275.0,1571,1.77,WARNING
305.56,580.2,75.52,83.97,155.84,1364,1.77,WARNING
105.2,180.66,24.12,35.11,62.89,572,0.52,NORMAL
119.1,184.37,30.74,25.25,43.64,508,0.74,NORMAL
116.57,122.95,23.51,36.7,30.27,526,0.1,NORMAL
101.85,140.7,15.35,39.08,55.04,570,0.55,NORMAL
299.74,456.76,59.32,56.82,176.22,1530,1.49,WARNING
353.17,853.49,71.17,55.9,206.7,1780,1.36,WARNING
118.76,289.07,35.86,45.35,59.26,451,0.65,NORMAL
62.44,203.86,33.22,37.54,68.95,425,0.62,NORMAL
92.22,149.33,36.67,39.9,25.35,482,0.37,NORMAL
556.97,1230.34,90.95,89.77,751.9,3063,3.2,HIGH_LOAD
106.93,168.54,36.23,43.81,62.17,510,0.3,NORMAL
127.45,249.27,8.86,41.37,69.68,365,0.53,NORMAL
331.81,644.63,84.9,60.31,124.99,1665,1.4,WARNING
722.48,875.95,93.63,85.35,647.36,3344,4.21,HIGH_LOAD
108.96,279.12,35.07,34.18,42.03,540,0.85,NORMAL
635.85,1107.2,91.65,82.25,511.28,3049,3.04,HIGH_LOAD
98.88,277.48,36.67,37.77,49.44,514,0.42,NORMAL
136.86,135.88,40.98,34.8,60.14,496,0.74,NORMAL
91.04,216.35,23.77,37.49,35.82,429,0.36,NORMAL
258.36,495.82,70.33,72.22,178.29,1243,1.02,WARNING
125.32,199.36,29.5,44.2,56.27,411,0.45,NORMAL
107.55,115.09,6.48,42.39,61.43,364,0.26,NORMAL
80.42,130.0,32.31,46.95,36.26,410,0.4,NORMAL
107.6,188.46,44.06,47.11,48.1,670,0.79,NORMAL
108.76,191.07,20.75,56.25,39.5,416,0.27,NORMAL
118.08,261.97,29.2,35.11,64.41,535,0.15,NORMAL
78.02,201.08,35.48,52.22,45.36,528,0.2,NORMAL
66.54,252.38,12.01,40.51,49.91,540,0.67,NORMAL
101.32,277.34,13.9,35.69,79.18,410,0.41,NORMAL
261.45,410.11,51.65,69.07,171.68,1019,0.93,WARNING
107.15,207.56,29.55,27.68,70.41,389,0.86,NORMAL
352.27,691.75,60.11,70.93,137.6,1408,1.67,WARNING
66.19,128.11,29.24,62.01,44.15,601,0.67,NORMAL
105.94,155.95,1.0,43.85,35.21,490,0.34,NORMAL
113.69,126.72,21.6,34.59,64.96,584,0.4,NORMAL
343.96,913.93,74.89,52.24,189.86,1646,0.67,WARNING
308.35,702.48,59.24,68.29,279.9,1418,1.33,WARNING
106.21,225.68,15.05,43.32,23.68,405,0.4,NORMAL
90.01,229.85,20.05,39.93,80.42,357,0.27,NORMAL
96.94,130.65,27.0,37.67,48.74,547,0.63,NORMAL
112.86,182.58,3.46,41.07,15.45,500,0.82,NORMAL
105.12,229.9,34.6,34.23,41.51,540,0.59,NORMAL
129.8,145.07,34.85,41.9,24.88,393,0.36,NORMAL
291.78,467.54,57.91,64.77,229.0,809,1.56,WARNING
95.07,143.15,47.18,48.57,37.1,305,0.43,NORMAL
427.15,1039.38,89.74,81.47,496.64,3316,2.03,HIGH_LOAD
120.78,133.86,16.83,42.21,46.3,538,0.51,NORMAL
93.35,257.08,38.35,52.43,60.58,513,0.31,NORMAL
315.4,632.31,65.29,73.29,235.89,1233,1.14,WARNING
348.23,748.39,55.63,68.82,152.56,1359,1.78,WARNING
118.64,255.14,33.02,41.08,78.85,569,0.43,NORMAL
288.02,369.61,60.18,70.02,247.18,1480,1.57,WARNING
158.51,157.97,26.83,49.89,61.13,335,0.6,NORMAL
580.25,899.79,91.45,84.04,418.1,3461,5.0,HIGH_LOAD
108.43,152.55,21.42,24.54,45.65,523,0.29,NORMAL
349.52,545.36,59.7,59.6,240.06,1867,1.26,WARNING
94.02,196.18,25.61,54.29,45.98,527,0.18,NORMAL
82.37,189.19,24.37,27.78,61.86,584,0.31,NORMAL
122.0,257.22,30.16,40.88,54.48,633,0.29,NORMAL
70.13,227.67,26.89,38.29,77.84,374,0.62,NORMAL
598.54,1133.43,85.61,97.01,509.84,2874,3.39,HIGH_LOAD
684.61,925.53,85.54,93.63,537.53,2843,3.21,HIGH_LOAD
93.13,194.52,35.34,30.59,44.21,427,0.65,NORMAL
85.43,156.27,27.66,37.94,46.35,461,0.2,NORMAL
349.23,963.78,72.13,64.69,237.9,1262,1.66,WARNING
104.61,145.66,39.47,38.06,74.74,521,0.34,NORMAL
96.17,219.24,39.87,38.15,50.11,486,0.88,NORMAL
74.48,231.12,32.42,32.91,38.46,596,0.3,NORMAL
294.0,702.44,73.5,64.31,127.99,1389,1.55,WARNING
255.55,704.47,67.14,64.3,279.4,1324,1.05,WARNING
113.67,100.1,31.67,45.82,54.07,537,0.42,NORMAL
103.87,319.23,15.55,33.63,50.97,364,0.38,NORMAL
95.66,165.0,17.62,38.7,42.61,519,0.44,NORMAL
93.22,108.62,38.41,30.42,26.54,499,0.88,NORMAL
628.49,1145.82,94.07,94.11,429.57,3006,3.43,HIGH_LOAD
259.77,613.66,75.24,76.8,125.54,1667,1.53,WARNING
72.44,209.0,38.67,23.72,66.54,549,0.89,NORMAL
113.12,209.07,20.55,50.69,39.34,350,0.81,NORMAL
108.61,214.48,45.81,44.31,48.96,714,0.48,NORMAL
108.69,250.47,29.68,49.42,20.13,612,0.2,NORMAL
81.5,203.33,13.64,41.08,36.61,651,0.6,NORMAL
105.32,158.31,30.96,38.58,34.96,544,0.67,NORMAL
72.76,290.17,33.99,52.91,59.23,533,0.61,NORMAL
115.9,204.21,34.07,37.1,85.99,582,0.41,NORMAL
97.05,273.79,33.05,46.21,91.05,367,0.62,NORMAL
84.53,156.44,23.33,35.58,45.31,438,0.36,NORMAL
342.5,421.57,73.28,73.09,314.39,1870,1.3,WARNING
86.24,307.63,15.66,36.97,63.72,525,0.26,NORMAL
264.19,767.44,78.36,85.06,234.13,1292,0.97,WARNING
98.77,212.67,37.29,51.13,65.15,540,0.57,NORMAL
76.78,232.62,18.64,43.17,41.9,524,0.53,NORMAL
110.59,228.83,29.91,50.08,57.75,612,0.82,NORMAL
289.13,587.29,67.43,66.05,169.21,1441,2.22,WARNING
132.47,166.2,32.5,36.48,38.1,606,0.28,NORMAL
331.72,919.56,79.36,63.44,173.89,892,1.82,WARNING
237.66,545.5,52.11,77.99,171.3,1774,1.3,WARNING
709.48,1498.74,82.86,93.25,535.93,1865,4.2,HIGH_LOAD
279.74,782.69,67.79,51.17,146.88,1624,2.47,WARNING
88.05,191.73,34.3,33.79,84.82,504,0.69,NORMAL
649.91,1632.17,91.12,95.0,373.38,2253,3.84,HIGH_LOAD
127.12,207.87,37.91,38.15,45.8,633,0.44,NORMAL
99.89,229.34,35.45,32.05,73.89,500,0.42,NORMAL
350.88,762.92,68.03,63.83,195.19,1659,1.53,WARNING
84.97,184.84,37.07,27.59,23.8,388,0.34,NORMAL
92.32,218.56,43.28,28.3,54.49,381,0.23,NORMAL
333.75,474.7,58.18,73.15,235.18,1316,2.18,WARNING
78.7,187.88,31.1,23.94,53.4,697,0.39,NORMAL
343.34,784.12,76.34,70.39,205.66,2134,1.31,WARNING
108.64,238.12,27.7,32.16,68.81,600,0.23,NORMAL
308.51,495.12,72.76,70.73,254.99,1587,1.55,WARNING
38.49,239.34,22.74,35.11,63.63,358,0.46,NORMAL
75.64,274.64,31.22,26.39,30.53,370,0.86,NORMAL
293.0,567.58,69.39,88.89,165.73,1765,1.67,WARNING
85.41,215.0,34.52,28.84,54.41,585,0.36,NORMAL
402.72,552.97,58.81,78.31,111.41,1971,0.69,WARNING
78.76,165.79,38.98,50.28,53.59,574,0.71,NORMAL
112.27,166.34,22.4,37.99,46.56,577,0.65,NORMAL
694.72,1017.91,93.9,92.6,564.02,3838,3.76,HIGH_LOAD
355.71,702.77,56.14,90.78,288.25,1240,1.38,WARNING
85.57,255.39,36.14,28.58,52.47,570,0.54,NORMAL
124.59,160.88,29.37,41.48,52.27,441,0.99,NORMAL
118.56,246.49,29.28,47.02,54.51,431,0.47,NORMAL
271.83,523.85,73.82,53.32,171.84,1460,1.49,WARNING
208.79,524.31,76.09,88.18,210.81,1469,0.97,WARNING
116.04,185.45,24.48,14.04,52.99,343,0.73,NORMAL
101.58,186.0,20.99,36.16,15.18,424,0.28,NORMAL
605.6,730.74,97.29,85.99,291.92,3000,4.17,HIGH_LOAD
318.23,277.07,60.35,67.53,342.57,1567,0.74,WARNING
77.95,268.11,30.79,36.14,45.11,528,0.88,NORMAL
93.59,209.16,22.39,41.22,62.82,607,0.55,NORMAL
278.32,740.8,74.68,74.6,191.89,1529,1.84,WARNING
93.16,245.76,34.04,29.98,48.2,454,0.38,NORMAL
601.91,1670.73,91.51,96.01,524.73,1709,3.34,HIGH_LOAD
357.1,534.85,76.88,78.13,188.61,2109,1.64,WARNING
102.95,166.31,30.54,34.23,52.19,329,0.59,NORMAL
191.2,468.56,30.72,73.97,218.79,940,1.17,WARNING
278.82,490.9,63.51,82.39,130.09,1363,2.13,WARNING
280.27,502.82,85.3,71.13,162.33,1163,1.87,WARNING
89.01,174.32,31.33,32.83,51.22,370,0.25,NORMAL
112.22,259.43,46.12,48.9,61.86,342,0.37,NORMAL
111.87,192.76,45.88,50.72,65.27,334,0.36,NORMAL
264.42,658.65,59.46,60.87,252.83,2056,1.62,WARNING
762.3,1383.62,93.97,90.65,513.77,3001,4.95,HIGH_LOAD
281.6,429.84,63.29,71.61,164.0,967,1.89,WARNING
92.4,132.47,4.21,43.86,53.93,535,0.1,NORMAL
716.25,1247.32,88.11,93.48,342.73,3023,5.1,HIGH_LOAD
105.1,202.45,40.07,44.65,57.92,461,0.33,NORMAL
120.4,226.47,51.33,36.24,27.93,567,0.85,NORMAL
77.63,121.6,38.46,38.12,68.66,384,0.41,NORMAL
316.98,385.34,62.5,73.31,153.64,910,1.35,WARNING
99.72,201.88,51.0,33.32,65.41,328,0.51,NORMAL
114.9,195.67,26.02,37.83,50.39,452,0.55,NORMAL
87.16,209.5,40.25,45.12,67.78,412,0.54,NORMAL
275.19,613.95,60.34,72.96,203.79,1697,1.38,WARNING
786.89,1356.38,99.23,87.54,353.05,3843,4.06,HIGH_LOAD
277.57,532.86,71.67,72.14,172.04,1688,1.51,WARNING
333.96,766.2,73.41,91.32,220.72,1484,2.27,WARNING
106.12,195.18,27.47,40.12,35.21,560,0.21,NORMAL
46.61,194.54,24.04,26.19,44.67,530,0.6,NORMAL
471.12,1036.18,85.58,91.71,320.1,1801,3.31,HIGH_LOAD
100.14,195.3,30.58,38.06,64.91,403,0.7,NORMAL
343.13,270.42,73.54,59.22,179.24,1474,2.01,WARNING
97.03,217.68,16.63,32.64,20.69,387,0.48,NORMAL
93.52,158.27,21.21,57.91,49.5,628,0.16,NORMAL
95.44,179.86,36.83,54.84,43.08,483,0.88,NORMAL
87.47,274.71,16.85,32.48,68.92,314,0.64,NORMAL
300.78,466.36,48.3,60.91,182.57,1210,0.77,WARNING
580.59,1399.88,93.65,94.48,489.67,3255,2.78,HIGH_LOAD
288.78,662.7,64.66,86.0,66.49,1256,1.6,WARNING
241.15,554.68,65.38,65.56,112.99,1238,1.77,WARNING
89.74,241.59,30.34,34.43,52.56,508,0.34,NORMAL
70.88,198.21,24.97,47.8,71.45,540,0.76,NORMAL
77.12,234.32,15.61,42.3,39.83,444,0.51,NORMAL
652.57,1669.35,79.75,99.88,474.01,3482,4.43,HIGH_LOAD
86.0,185.52,3.28,36.74,68.43,469,0.14,NORMAL
96.29,225.8,36.73,33.46,43.95,472,0.53,NORMAL
103.16,171.36,23.84,32.48,51.05,334,0.9,NORMAL
92.19,300.05,24.64,38.93,42.43,760,0.6,NORMAL
80.0,271.28,31.06,54.05,45.37,479,0.69,NORMAL
97.25,223.24,11.52,46.57,57.33,432,0.43,NORMAL
70.13,197.88,35.16,36.11,65.22,356,0.59,NORMAL
87.73,122.36,44.3,39.31,37.72,526,0.71,NORMAL
100.28,221.49,37.01,51.67,40.39,570,0.67,NORMAL
338.16,556.86,46.24,46.58,285.9,1097,1.07,WARNING
97.38,215.18,20.55,33.94,27.13,562,0.65,NORMAL
264.2,513.41,62.81,88.25,243.84,1130,1.0,WARNING
97.08,269.73,45.9,48.64,42.18,482,0.7,NORMAL
68.99,186.89,40.24,46.94,32.31,462,0.52,NORMAL
54.36,160.12,22.75,40.34,30.33,720,0.36,NORMAL
265.32,634.8,75.01,77.43,184.55,1373,1.94,WARNING
588.09,428.5,86.85,82.22,521.32,3507,3.54,HIGH_LOAD
277.15,618.29,59.74,69.04,151.27,1793,1.47,WARNING
99.08,205.06,36.35,40.99,37.96,454,0.65,NORMAL
140.5,141.52,22.32,40.32,54.81,285,0.64,NORMAL
136.6,213.37,28.71,50.25,47.13,541,0.52,NORMAL
293.42,744.08,69.17,72.54,255.36,1546,2.41,WARNING
103.45,250.75,18.59,47.49,69.4,397,0.41,NORMAL
111.29,138.02,27.33,33.36,43.64,320,0.33,NORMAL
711.66,1099.01,86.77,82.54,615.48,3183,4.48,HIGH_LOAD
131.81,225.93,28.33,38.27,57.68,546,0.15,NORMAL
722.63,1464.19,92.56,89.96,492.01,2816,4.17,HIGH_LOAD
125.31,156.54,26.31,42.62,79.89,539,0.54,NORMAL
99.55,289.21,38.96,33.59,28.07,527,0.42,NORMAL
381.62,637.27,66.7,54.81,168.49,1415,1.16,WARNING
117.04,224.52,31.86,54.93,27.04,413,0.4,NORMAL
105.42,260.27,27.91,28.66,33.63,340,0.65,NORMAL
618.37,1493.14,83.32,94.09,490.06,4155,3.2,HIGH_LOAD
92.24,244.75,42.21,53.35,40.28,479,0.38,NORMAL
219.34,758.86,76.98,87.28,255.96,1760,1.72,WARNING
94.76,187.5,30.67,35.68,52.85,770,0.36,NORMAL
111.59,210.01,22.55,46.87,60.42,233,0.49,NORMAL
114.96,188.16,31.7,40.22,43.01,574,0.57,NORMAL
609.57,1428.12,88.7,95.37,380.14,2998,4.2,HIGH_LOAD
584.56,1511.37,88.79,86.91,575.42,3357,3.85,HIGH_LOAD
67.03,256.84,33.74,35.31,65.19,532,0.86,NORMAL
102.64,186.56,26.0,50.13,47.36,371,0.1,NORMAL
348.2,541.46,66.61,54.59,203.97,1464,1.23,WARNING
100.53,193.03,43.61,34.72,57.75,592,0.2,NORMAL
238.06,549.13,51.35,74.0,236.09,1537,1.48,WARNING
109.85,199.98,14.68,44.38,30.86,685,0.31,NORMAL
106.65,183.96,55.68,49.18,20.66,459,0.46,NORMAL
238.05,662.46,60.31,53.34,190.24,1622,1.31,WARNING
68.97,288.45,27.44,56.38,72.93,511,0.46,NORMAL
287.67,595.0,63.23,49.74,159.62,1305,1.39,WARNING
88.15,229.05,28.3,40.94,46.18,481,0.67,NORMAL
110.36,183.51,38.04,26.81,48.29,498,0.93,NORMAL
130.38,216.05,42.09,37.63,32.35,323,0.29,NORMAL
585.23,1762.02,87.39,95.47,528.55,2467,2.73,HIGH_LOAD
340.35,598.0,72.03,84.68,200.58,1265,1.14,WARNING
607.74,1757.52,87.83,87.52,301.37,3381,2.69,HIGH_LOAD
392.28,712.94,47.54,81.75,148.46,1169,2.16,WARNING
452.22,1336.03,91.47,88.2,655.08,4304,3.58,HIGH_LOAD
217.02,627.54,65.96,74.84,211.13,1378,1.68,WARNING
60.16,178.72,24.04,33.24,62.08,590,0.66,NORMAL
346.21,719.17,54.58,62.67,273.83,1764,1.76,WARNING
122.76,176.02,27.13,61.09,51.57,545,0.45,NORMAL
245.25,615.57,51.85,71.87,246.15,1407,1.24,WARNING
84.32,255.05,32.37,50.95,47.74,466,0.19,NORMAL
94.91,144.88,36.95,50.22,42.13,446,0.45,NORMAL
308.13,732.45,59.78,79.72,238.28,1827,1.49,WARNING
96.52,177.13,25.79,40.74,37.07,496,0.44,NORMAL
244.18,610.25,51.71,57.51,333.09,1639,1.39,WARNING
74.36,219.97,44.11,38.74,45.84,457,0.43,NORMAL
146.0,194.46,17.3,15.22,39.69,568,0.6,NORMAL
81.84,211.93,23.93,38.97,49.56,576,0.63,NORMAL
297.82,760.34,57.29,76.11,238.17,1176,1.16,WARNING
101.9,285.76,23.08,47.17,53.24,332,0.56,NORMAL
96.94,268.04,9.54,38.61,18.7,516,0.45,NORMAL
108.23,155.13,34.3,39.04,31.33,488,0.43,NORMAL
115.77,223.68,61.58,46.08,66.98,576,0.67,NORMAL
61.4,261.21,39.62,39.32,57.9,492,0.86,NORMAL
47.78,184.09,26.99,53.56,53.11,451,0.69,NORMAL
315.2,713.94,54.4,76.33,289.26,1033,1.53,WARNING
85.03,193.94,31.46,55.15,35.87,675,0.21,NORMAL
126.28,180.3,33.39,34.7,26.43,587,0.52,NORMAL
545.88,1168.8,90.54,88.42,370.95,3771,4.43,HIGH_LOAD
101.45,146.26,14.26,55.33,22.09,425,0.3,NORMAL
190.87,800.39,54.55,70.36,300.57,1212,1.85,WARNING
121.58,221.62,20.96,41.22,44.17,380,0.53,NORMAL
302.2,1102.23,77.67,68.03,179.55,1088,1.72,WARNING
573.69,1848.32,89.39,92.91,271.74,3015,3.84,HIGH_LOAD
464.98,1588.58,87.89,92.03,545.14,3200,4.35,HIGH_LOAD
126.43,173.81,37.88,36.43,41.68,543,0.42,NORMAL
395.76,700.0,69.63,72.43,200.88,1255,1.12,WARNING
127.09,188.67,26.27,10.46,10.07,352,0.42,NORMAL
110.52,139.68,27.87,28.61,34.89,459,0.28,NORMAL
378.85,705.6,64.77,59.61,242.04,1652,1.67,WARNING
308.1,552.73,73.28,71.95,226.0,2238,1.84,WARNING
150.46,220.11,12.13,60.0,60.82,330,0.51,NORMAL
691.13,1624.53,94.19,83.15,418.97,3744,4.85,HIGH_LOAD
78.4,315.35,34.22,28.85,68.82,302,0.39,NORMAL
275.27,332.17,44.74,68.1,298.38,1462,1.1,WARNING
81.01,178.57,23.28,36.19,36.07,510,0.39,NORMAL
77.34,201.07,40.11,43.76,60.29,715,0.49,NORMAL
104.52,205.71,13.1,54.73,52.14,530,0.58,NORMAL
600.79,1074.74,85.37,82.26,646.04,2650,2.76,HIGH_LOAD
259.97,930.32,64.21,74.0,268.04,2115,1.45,WARNING
607.96,901.53,97.89,95.61,563.47,4158,3.1,HIGH_LOAD
206.4,524.5,50.14,68.78,301.08,1047,1.03,WARNING
80.13,225.45,48.83,33.16,71.19,477,0.27,NORMAL
110.43,242.58,30.84,39.44,75.16,419,0.31,NORMAL
114.34,150.54,29.1,40.86,50.83,431,0.3,NORMAL
77.2,106.6,41.95,42.62,64.9,489,0.74,NORMAL
100.12,147.81,36.27,40.95,33.92,530,0.22,NORMAL
280.66,471.42,53.39,73.18,210.12,1500,1.54,WARNING
457.11,1700.78,89.01,92.2,574.03,2557,3.35,HIGH_LOAD
531.8,400.05,96.61,88.38,527.06,2574,3.31,HIGH_LOAD
87.42,208.62,22.63,30.02,48.14,407,0.63,NORMAL
252.51,295.97,76.03,86.46,259.97,1213,1.22,WARNING
581.83,1426.13,79.7,83.13,429.94,3105,4.13,HIGH_LOAD
101.91,198.3,35.5,44.74,53.27,423,0.87,NORMAL
110.62,160.68,47.6,41.48,51.6,599,0.57,NORMAL
81.8,195.47,30.17,22.93,62.54,545,0.6,NORMAL
86.06,73.56,33.65,27.93,42.18,510,0.77,NORMAL
86.63,97.65,25.2,49.64,35.56,691,0.3,NORMAL
267.1,611.79,57.98,76.35,246.83,1409,1.2,WARNING
102.92,243.36,44.64,37.96,31.45,521,0.62,NORMAL
113.94,222.83,11.58,52.1,45.06,460,0.39,NORMAL
131.22,195.34,27.78,46.72,73.7,404,0.65,NORMAL
370.28,746.34,57.86,77.07,209.76,1254,2.38,WARNING
90.69,287.2,66.33,70.64,240.04,1067,1.79,WARNING
351.37,703.47,78.66,61.23,197.1,1411,1.29,WARNING
108.77,231.93,29.97,25.21,58.44,618,0.44,NORMAL
82.46,256.79,56.13,35.36,37.5,612,0.57,NORMAL
117.78,184.16,25.0,59.71,38.86,520,0.1,NORMAL
97.02,169.89,26.69,24.84,19.1,390,0.51,NORMAL
112.4,250.55,39.79,53.23,30.13,422,0.32,NORMAL
87.35,308.67,16.29,42.87,35.59,421,0.58,NORMAL
263.59,657.15,68.41,61.86,146.88,1709,2.05,WARNING
238.56,513.12,50.93,63.85,248.98,1974,1.59,WARNING
85.37,220.92,35.99,42.97,25.1,260,0.42,NORMAL
379.49,526.98,69.74,62.82,174.29,1487,0.71,WARNING
617.04,853.39,90.96,96.98,500.51,3215,2.18,HIGH_LOAD
92.47,137.92,21.0,41.3,56.1,521,0.48,NORMAL
321.54,650.25,62.82,69.07,227.32,1541,1.29,WARNING
292.08,516.19,51.81,79.16,146.86,1804,1.5,WARNING
110.49,207.65,33.77,32.88,19.25,299,0.43,NORMAL
768.52,680.15,84.18,93.04,458.98,2461,2.66,HIGH_LOAD
66.72,251.65,21.89,39.61,13.95,648,0.86,NORMAL
639.19,957.82,88.39,90.9,515.19,3922,4.16,HIGH_LOAD
714.81,1028.18,97.35,87.37,386.58,3627,4.03,HIGH_LOAD
288.83,768.69,61.46,60.18,244.11,1673,1.54,WARNING
104.19,128.89,41.57,23.82,78.91,464,0.1,NORMAL
477.14,1237.1,83.94,85.93,609.06,2122,3.6,HIGH_LOAD
575.49,751.25,82.2,82.44,353.12,2454,4.85,HIGH_LOAD
129.56,263.71,41.29,34.54,55.18,507,0.49,NORMAL
123.74,208.28,39.11,24.55,46.93,339,0.57,NORMAL
111.3,280.21,37.02,30.79,61.21,659,0.79,NORMAL
99.31,214.51,37.27,36.62,36.28,471,0.51,NORMAL
119.47,234.29,26.5,20.74,49.08,479,0.41,NORMAL
88.89,150.18,33.63,40.69,44.39,496,0.45,NORMAL
76.7,263.57,30.2,45.41,77.7,580,0.59,NORMAL
194.76,515.8,56.62,72.36,210.45,1539,1.05,WARNING
624.76,1028.61,100.0,91.52,443.81,2616,3.22,HIGH_LOAD
102.54,133.84,42.58,27.84,77.87,435,0.62,NORMAL
143.18,275.89,28.71,29.06,55.95,513,0.47,NORMAL
98.62,187.17,33.24,44.84,62.16,556,0.53,NORMAL
446.71,1175.13,82.05,91.62,566.86,2615,3.52,HIGH_LOAD
258.26,663.87,90.51,74.17,246.17,1394,1.6,WARNING
82.01,247.27,22.62,46.04,62.59,471,0.61,NORMAL
502.44,1134.12,90.7,92.44,460.5,3186,3.5,HIGH_LOAD
80.8,94.86,52.76,42.75,43.89,579,0.34,NORMAL
302.99,259.67,65.24,56.86,239.27,1634,1.51,WARNING
110.07,187.12,19.31,47.47,20.03,582,0.58,NORMAL
106.59,226.16,28.34,46.29,38.37,562,0.55,NORMAL
116.92,208.92,36.86,39.93,38.93,441,0.86,NORMAL
108.03,233.18,33.63,37.66,26.73,514,0.51,NORMAL
315.24,652.12,74.14,71.91,127.52,1058,1.32,WARNING
72.85,230.05,48.44,71.85,53.16,466,0.85,NORMAL
262.29,703.95,71.66,64.9,131.61,1676,1.01,WARNING
104.34,165.95,28.77,35.44,45.34,567,0.46,NORMAL
234.74,396.21,75.68,58.53,132.77,1409,1.12,WARNING
91.2,204.89,49.49,56.33,74.13,560,0.46,NORMAL
110.89,211.51,16.44,39.62,29.43,492,0.41,NORMAL
656.97,1334.31,84.6,89.17,527.5,2917,4.01,HIGH_LOAD
91.56,187.53,28.89,39.27,55.97,396,0.79,NORMAL
103.27,200.32,26.45,41.94,53.82,324,0.48,NORMAL
93.42,122.05,39.2,21.64,63.94,605,0.61,NORMAL
105.55,157.16,26.33,50.42,61.31,422,0.44,NORMAL
88.53,267.61,28.61,43.62,63.05,524,0.21,NORMAL
610.14,1098.35,83.19,84.75,590.85,2733,2.88,HIGH_LOAD
94.94,164.1,40.23,42.57,34.21,529,0.53,NORMAL
90.85,253.25,38.92,39.14,42.22,277,0.41,NORMAL
65.69,247.68,38.76,58.64,43.48,436,0.59,NORMAL
93.2,165.11,28.56,53.23,48.91,576,0.41,NORMAL
319.04,613.57,69.23,60.48,184.41,1189,1.26,WARNING
91.78,244.94,10.4,37.07,55.04,465,0.1,NORMAL
70.81,240.33,30.29,55.58,53.35,427,0.12,NORMAL
91.8,267.74,16.98,43.46,29.91,574,0.59,NORMAL
352.68,336.76,58.98,66.23,153.88,1490,1.45,WARNING
699.5,1073.37,88.49,84.15,554.91,2937,3.28,HIGH_LOAD
598.85,1206.06,89.36,95.21,381.43,3373,2.14,HIGH_LOAD
589.55,1169.19,88.98,89.75,597.7,3839,4.39,HIGH_LOAD
103.94,235.53,19.02,47.58,45.43,670,0.41,NORMAL
90.02,240.95,39.53,53.39,43.97,412,0.91,NORMAL
84.49,182.07,26.71,53.23,44.23,376,0.41,NORMAL
118.22,134.3,34.04,33.61,54.84,630,0.33,NORMAL
78.31,302.86,40.45,47.5,74.62,548,0.38,NORMAL
77.64,300.47,35.59,38.01,5.01,575,0.73,NORMAL
103.3,239.53,23.17,46.55,38.12,532,0.54,NORMAL
110.94,184.1,42.49,37.44,85.55,531,0.35,NORMAL
67.92,247.26,29.54,53.0,41.82,542,0.48,NORMAL
497.39,953.91,92.73,85.78,460.3,4015,3.98,HIGH_LOAD
114.64,190.52,47.07,24.17,43.21,564,0.83,NORMAL
76.69,147.45,30.42,55.5,53.4,558,0.41,NORMAL
88.77,173.68,41.68,26.85,40.97,480,0.7,NORMAL
607.97,1756.64,87.35,91.56,431.54,3061,3.46,HIGH_LOAD
138.21,60.69,31.04,41.74,38.27,589,0.39,NORMAL
89.9,229.41,24.56,31.95,37.28,565,0.1,NORMAL
94.48,272.07,27.44,28.06,20.91,410,0.58,NORMAL
65.74,275.5,31.1,47.02,42.08,411,0.1,NORMAL
136.54,234.14,6.78,21.64,76.95,501,0.27,NORMAL
121.44,272.57,34.52,49.58,28.81,490,0.37,NORMAL
103.68,256.54,12.08,34.7,65.67,429,0.2,NORMAL
113.67,270.45,29.44,48.33,56.39,492,0.54,NORMAL
285.49,556.27,62.75,78.88,183.24,1472,2.2,WARNING
70.09,242.43,28.01,31.26,72.24,751,0.44,NORMAL
363.49,554.79,69.95,84.55,134.58,1294,1.17,WARNING
80.45,225.29,35.1,38.38,38.11,509,0.51,NORMAL
597.01,973.91,86.39,84.56,524.48,3212,4.05,HIGH_LOAD
107.74,226.39,42.12,50.48,49.35,358,0.64,NORMAL
104.34,194.14,27.32,49.59,51.35,304,0.67,NORMAL
115.07,186.33,25.1,31.75,38.18,691,0.47,NORMAL
105.83,187.49,21.58,31.43,61.2,331,0.49,NORMAL
101.6,227.2,34.52,37.27,54.95,464,0.76,NORMAL
266.44,820.98,60.69,61.39,147.17,1459,1.55,WARNING
664.59,1280.52,100.0,96.41,464.93,3211,3.59,HIGH_LOAD
68.65,184.49,12.89,43.09,85.33,495,0.54,NORMAL
290.35,580.02,74.91,69.37,164.39,1611,1.13,WARNING
90.43,204.1,30.09,40.78,54.11,482,0.34,NORMAL
62.63,161.78,22.87,51.28,57.94,572,0.79,NORMAL
256.79,295.6,62.64,71.86,228.52,1203,1.96,WARNING
332.65,472.95,70.9,73.31,111.87,1357,1.83,WARNING
307.77,459.54,75.0,85.63,185.13,1776,1.42,WARNING
101.36,150.07,25.29,46.82,44.91,741,0.68,NORMAL
166.7,438.76,75.42,62.93,170.62,1384,1.77,WARNING
244.31,609.35,76.78,68.9,245.91,1696,1.51,WARNING
113.37,248.78,35.91,21.46,32.2,706,0.46,NORMAL
108.2,154.55,41.51,44.28,56.84,482,0.63,NORMAL
612.42,1212.42,88.85,74.6,325.39,2726,2.97,HIGH_LOAD
674.05,1255.99,89.34,85.23,601.85,2628,4.15,HIGH_LOAD
91.8,219.78,37.25,31.4,46.87,700,0.53,NORMAL
539.81,1283.96,85.42,88.43,436.54,3064,4.78,HIGH_LOAD
129.38,128.58,55.45,40.4,37.55,434,0.66,NORMAL
88.44,184.5,46.47,51.19,41.99,262,0.52,NORMAL
688.99,936.01,82.67,90.11,349.41,3395,4.14,HIGH_LOAD
278.94,678.85,71.63,58.29,234.96,1760,1.61,WARNING
332.86,651.87,58.3,82.19,121.3,1829,2.08,WARNING
646.7,926.29,82.47,97.78,489.52,3738,2.82,HIGH_LOAD
95.45,214.9,50.12,43.86,54.3,404,0.28,NORMAL
94.74,313.13,47.11,50.29,55.79,453,0.68,NORMAL
97.15,277.42,29.04,46.36,61.35,475,0.31,NORMAL
291.28,520.71,58.53,77.79,156.98,1429,0.89,WARNING
133.26,229.16,37.44,43.77,44.44,532,0.65,NORMAL
601.74,1232.27,94.03,85.28,756.2,3812,2.85,HIGH_LOAD
540.12,592.34,88.07,97.82,489.77,3311,2.94,HIGH_LOAD
288.6,278.4,71.69,79.4,195.55,850,1.18,WARNING
230.02,338.08,64.84,77.88,226.16,1725,1.86,WARNING
296.64,549.76,61.92,58.08,160.49,1365,0.97,WARNING
94.37,296.91,19.47,43.19,37.88,439,0.1,NORMAL
100.38,23.91,42.72,37.31,41.92,429,0.4,NORMAL
83.61,288.15,14.37,41.71,52.67,402,0.39,NORMAL
97.15,159.35,41.58,25.72,81.33,517,0.35,NORMAL
96.81,309.34,34.48,41.46,45.43,379,0.21,NORMAL
245.72,503.45,62.04,72.16,181.84,1679,1.32,WARNING
81.51,188.13,23.24,26.32,52.84,367,0.1,NORMAL
72.8,195.85,17.5,42.93,24.53,363,0.45,NORMAL
88.92,198.29,12.08,31.64,76.28,529,0.36,NORMAL
92.68,248.11,16.01,38.83,45.38,518,0.53,NORMAL
89.96,176.44,37.82,28.62,46.09,424,0.66,NORMAL
82.31,327.63,33.49,37.92,57.55,505,0.51,NORMAL
158.6,207.79,40.52,36.73,37.22,680,0.27,NORMAL
83.86,220.99,15.03,37.75,60.57,375,0.52,NORMAL
132.87,191.25,36.01,42.27,68.74,524,0.34,NORMAL
549.04,1069.97,86.57,87.66,402.96,3377,2.24,HIGH_LOAD
106.49,115.81,38.95,43.32,42.45,397,0.42,NORMAL
673.43,994.3,90.45,89.65,578.44,2276,3.85,HIGH_LOAD
120.77,159.37,31.41,30.69,40.9,455,0.35,NORMAL
86.14,370.49,28.14,54.65,52.75,539,0.51,NORMAL
117.98,231.36,18.12,28.17,43.33,512,0.82,NORMAL
86.74,140.61,23.46,30.99,33.68,445,0.38,NORMAL
99.45,249.58,13.49,30.53,56.17,540,0.52,NORMAL
82.67,144.03,42.92,64.11,46.75,548,0.7,NORMAL
63.32,161.11,40.24,42.2,70.03,464,0.84,NORMAL
145.12,221.59,40.79,37.19,33.31,772,0.59,NORMAL
88.05,259.25,28.08,47.19,56.64,439,0.1,NORMAL
91.47,132.31,20.64,40.03,42.62,512,0.53,NORMAL
289.56,580.62,53.53,61.76,197.54,1126,1.54,WARNING
99.39,138.61,43.45,55.38,44.69,482,0.39,NORMAL
147.17,95.61,19.36,29.31,58.12,450,0.2,NORMAL
131.75,274.9,46.78,33.8,36.34,552,0.37,NORMAL
324.54,555.0,61.88,63.77,103.08,1521,1.65,WARNING
360.33,596.76,57.95,55.18,157.65,1288,1.18,WARNING
334.91,718.58,59.31,65.0,199.45,1800,1.44,WARNING
120.41,198.4,36.3,29.33,67.66,466,0.29,NORMAL
223.75,699.2,57.34,89.16,153.47,1211,1.99,WARNING
477.86,715.5,88.81,88.61,504.88,2947,2.44,HIGH_LOAD
234.09,481.93,69.6,71.84,115.32,1378,1.64,WARNING
308.83,588.16,63.53,58.42,204.28,1592,2.38,WARNING
281.52,745.93,47.67,74.41,162.22,1114,1.51,WARNING
324.4,489.76,59.46,61.78,238.19,1858,1.1,WARNING
267.06,484.54,86.33,59.24,249.97,1955,1.54,WARNING
94.23,250.74,23.98,47.66,55.26,508,0.32,NORMAL
75.27,239.5,16.18,38.65,67.43,512,0.46,NORMAL
265.51,837.41,63.03,66.26,262.17,979,1.47,WARNING
606.83,1317.99,89.66,92.18,520.42,2853,4.96,HIGH_LOAD
352.77,625.29,78.56,57.94,337.89,1546,1.4,WARNING
70.49,56.36,35.6,41.5,36.56,569,0.48,NORMAL
619.23,956.95,87.89,86.72,478.49,3069,4.04,HIGH_LOAD
339.56,776.17,62.4,82.35,221.3,1519,1.43,WARNING
312.08,378.47,65.44,56.62,226.45,1759,1.67,WARNING
237.99,776.32,69.04,68.74,344.88,1632,0.76,WARNING
94.27,197.53,35.23,41.99,39.78,631,0.85,NORMAL
88.53,249.26,46.7,43.28,42.13,330,0.49,NORMAL
121.89,205.77,30.86,35.13,63.17,460,0.28,NORMAL
98.92,96.83,27.87,36.33,80.82,368,0.49,NORMAL
62.61,165.96,45.06,37.3,66.77,711,0.24,NORMAL
343.6,518.3,35.73,72.83,264.5,1889,0.98,WARNING
63.98,223.11,35.95,40.42,23.93,524,0.67,NORMAL
366.24,640.21,72.59,68.8,350.46,1533,0.71,WARNING
103.8,217.61,26.29,31.98,27.13,512,0.66,NORMAL
67.4,186.18,25.55,36.97,47.68,488,0.71,NORMAL
81.32,308.22,34.53,40.83,23.25,434,0.5,NORMAL
263.74,314.88,63.25,68.11,204.61,1498,1.12,WARNING
117.0,209.5,19.7,63.7,42.08,577,0.27,NORMAL
128.27,182.33,19.89,36.9,60.34,388,0.73,NORMAL
121.49,145.95,47.01,27.41,59.67,449,0.47,NORMAL
416.25,687.01,62.0,56.04,220.96,1147,1.68,WARNING
505.83,1156.22,86.42,90.81,498.27,2343,3.2,HIGH_LOAD
328.42,853.7,70.07,74.26,219.46,1611,1.11,WARNING
277.59,528.24,75.11,60.05,135.22,1307,1.53,WARNING
107.39,255.82,33.39,26.69,36.98,358,0.55,NORMAL
466.46,968.8,99.54,96.44,504.97,3077,3.73,HIGH_LOAD
122.3,319.88,32.42,43.27,43.39,518,0.71,NORMAL
490.53,917.14,95.17,91.18,477.05,4036,3.06,HIGH_LOAD
103.13,20.0,15.1,26.76,66.53,644,0.51,NORMAL
344.41,799.68,65.41,70.79,222.57,1550,1.14,WARNING
108.99,202.99,38.09,39.36,42.58,575,0.51,NORMAL
81.12,162.35,22.19,46.78,54.65,566,0.6,NORMAL
333.5,443.08,50.32,61.26,236.5,1139,1.08,WARNING
90.36,149.04,14.89,26.05,37.98,467,0.79,NORMAL
78.15,196.76,39.53,25.59,44.07,459,0.39,NORMAL
125.9,214.66,23.29,56.98,52.58,460,0.45,NORMAL
286.59,581.23,71.35,61.13,250.06,1410,1.87,WARNING
106.31,206.3,27.07,34.39,63.81,331,0.78,NORMAL
88.06,265.58,33.56,32.24,55.46,359,1.15,NORMAL
84.51,185.86,37.54,32.56,46.57,636,0.45,NORMAL
89.89,332.97,32.5,36.23,58.03,545,0.55,NORMAL
85.82,246.48,49.84,37.44,61.12,599,0.43,NORMAL
120.85,143.79,32.85,51.96,66.34,484,0.83,NORMAL
90.03,235.38,31.01,63.22,26.03,620,0.49,NORMAL
93.04,234.05,24.56,42.56,59.43,427,1.05,NORMAL
79.5,121.71,25.98,66.25,70.12,566,0.57,NORMAL
96.26,45.83,28.7,41.28,57.96,352,0.41,NORMAL
261.09,622.31,55.58,74.02,296.73,1290,1.58,WARNING
133.31,182.14,50.75,52.9,52.62,530,0.36,NORMAL
568.71,833.94,91.67,90.72,470.14,2594,3.95,HIGH_LOAD
118.57,182.46,32.36,19.74,49.91,640,0.63,NORMAL
112.23,134.24,36.39,32.26,40.52,516,0.71,NORMAL
237.1,651.25,52.74,83.48,208.29,1160,1.89,WARNING
90.35,225.2,31.58,36.9,60.61,570,0.54,NORMAL
356.84,335.83,81.04,81.11,195.05,1148,1.26,WARNING
218.43,664.09,55.54,77.13,193.43,1198,1.98,WARNING
242.17,763.91,50.16,69.15,272.75,1435,1.39,WARNING
322.08,737.7,67.47,69.94,216.18,1680,1.72,WARNING
54.41,173.67,26.25,37.26,34.56,511,0.29,NORMAL
310.73,606.05,75.25,61.29,132.97,1271,1.15,WARNING
65.97,195.19,32.32,62.44,57.3,450,0.26,NORMAL
112.95,207.51,39.47,20.55,50.98,715,0.38,NORMAL
120.39,138.58,20.02,44.41,78.61,482,0.72,NORMAL
118.48,228.66,28.58,29.86,70.96,562,0.66,NORMAL
123.73,129.47,43.07,27.16,53.0,476,0.78,NORMAL
134.27,180.3,31.39,26.42,60.34,388,0.31,NORMAL
279.35,665.55,62.53,78.99,212.36,1185,1.49,WARNING
87.08,147.68,35.45,31.91,37.25,539,0.59,NORMAL
111.78,140.32,36.69,41.59,50.9,371,0.46,NORMAL
89.9,92.64,36.92,22.44,26.32,538,0.61,NORMAL
130.42,202.42,26.28,42.93,44.67,428,0.2,NORMAL
282.2,633.82,63.9,82.08,223.37,1392,1.26,WARNING
98.29,168.3,10.54,35.01,77.63,547,0.81,NORMAL
84.06,88.34,11.09,38.96,59.19,466,0.1,NORMAL
357.68,671.41,61.67,72.7,139.72,1488,0.86,WARNING
118.92,194.71,33.19,47.41,69.36,464,0.35,NORMAL
125.35,254.47,36.67,27.82,45.09,574,0.19,NORMAL
195.24,513.76,61.73,61.61,191.8,1044,1.45,WARNING
139.76,259.83,35.16,44.66,73.58,462,0.13,NORMAL
336.48,616.67,73.14,79.45,220.07,1096,1.49,WARNING
101.42,217.83,22.91,48.86,52.37,538,0.79,NORMAL
249.01,810.44,49.56,72.56,190.67,1638,1.25,WARNING
76.08,125.92,24.08,23.21,52.97,611,0.49,NORMAL
97.41,252.16,58.89,35.38,48.66,521,0.55,NORMAL
396.06,702.25,74.34,57.15,281.09,1880,1.35,WARNING
263.71,958.25,66.68,81.64,185.22,1442,0.71,WARNING
577.01,1024.27,90.09,83.47,329.01,2682,3.79,HIGH_LOAD
115.66,231.27,35.26,32.36,40.87,464,0.42,NORMAL
280.26,882.88,67.27,63.84,189.93,1978,0.93,WARNING
115.13,286.76,35.66,38.82,43.46,709,0.73,NORMAL
670.29,777.57,95.44,79.49,576.42,3822,4.73,HIGH_LOAD
232.87,476.04,68.87,80.25,200.8,1614,1.72,WARNING
109.4,245.39,39.82,32.31,55.96,655,0.17,NORMAL
95.83,114.53,27.58,31.73,58.8,493,0.54,NORMAL
221.36,564.47,70.7,65.15,141.91,1695,1.63,WARNING
130.6,324.78,39.27,27.08,66.62,532,0.59,NORMAL
104.93,180.52,22.19,31.3,52.02,540,0.47,NORMAL
90.17,165.11,39.56,45.2,46.49,509,0.34,NORMAL
100.13,293.8,20.24,36.85,86.07,451,0.59,NORMAL
92.54,245.78,24.53,47.53,47.85,461,0.23,NORMAL
703.65,1322.74,85.62,87.78,592.88,3056,2.87,HIGH_LOAD
99.47,121.6,38.82,41.7,54.56,648,0.4,NORMAL
96.62,228.27,20.96,37.61,50.04,367,0.52,NORMAL
85.44,185.7,23.84,49.42,56.42,609,0.1,NORMAL
102.68,157.02,39.11,51.33,32.65,591,0.38,NORMAL
627.5,1620.09,91.06,96.39,476.44,2848,4.35,HIGH_LOAD
92.07,86.42,38.57,46.99,61.27,546,0.73,NORMAL
107.82,238.45,20.4,26.41,54.2,425,0.26,NORMAL
130.34,283.19,22.01,48.75,38.14,536,0.56,NORMAL
98.65,187.62,27.67,49.88,69.5,467,0.46,NORMAL
110.3,209.18,19.4,46.79,40.3,496,0.5,NORMAL
442.86,1265.61,84.1,88.74,561.12,2608,3.4,HIGH_LOAD
130.72,279.8,38.56,51.12,26.97,463,0.69,NORMAL
311.7,414.0,71.6,81.36,162.35,1383,1.48,WARNING
114.59,230.38,28.67,24.63,23.56,551,0.7,NORMAL
288.87,583.32,63.3,66.03,226.91,1586,1.89,WARNING
363.0,557.4,62.83,70.67,132.87,1379,1.37,WARNING
137.87,198.18,35.22,44.96,21.63,628,0.29,NORMAL
264.79,490.26,71.25,70.59,194.53,1430,1.78,WARNING
91.51,101.6,22.84,41.64,50.11,397,0.42,NORMAL
99.39,244.52,49.25,36.62,37.03,471,0.61,NORMAL
142.14,293.98,15.2,45.33,37.72,569,0.57,NORMAL
385.08,789.17,74.22,61.93,248.13,1638,1.76,WARNING
95.67,162.81,36.84,39.05,56.71,561,0.63,NORMAL
841.88,1360.75,85.76,91.92,724.63,3160,3.26,HIGH_LOAD
283.38,668.68,67.68,70.48,185.69,1580,2.07,WARNING
358.65,636.89,74.22,77.89,315.08,1822,1.16,WARNING
422.35,808.57,59.86,85.24,218.3,1190,0.91,WARNING
88.51,200.17,20.07,39.83,67.83,584,0.94,NORMAL
78.92,99.53,25.88,51.32,19.5,709,0.24,NORMAL
100.39,267.11,22.25,33.59,63.1,556,0.68,NORMAL
115.46,291.14,45.52,40.05,37.48,625,0.51,NORMAL
114.19,132.14,39.55,39.71,38.65,492,0.44,NORMAL
67.71,269.17,19.59,33.89,45.94,535,0.64,NORMAL
132.06,109.38,18.73,47.47,53.88,563,0.27,NORMAL
326.04,327.7,57.85,69.21,173.42,1311,1.58,WARNING
89.54,256.44,44.98,40.24,63.76,476,0.54,NORMAL
537.66,1727.35,94.29,87.36,412.51,3293,2.45,HIGH_LOAD
130.32,123.41,26.82,53.97,52.02,499,0.35,NORMAL
317.71,725.58,66.99,53.27,169.78,1160,1.82,WARNING
95.12,236.55,27.21,33.37,44.97,730,0.74,NORMAL
98.88,95.99,28.95,30.87,41.34,429,0.15,NORMAL
576.84,1132.5,91.07,86.28,569.29,2732,4.79,HIGH_LOAD
752.48,1631.44,87.87,92.58,664.41,2983,3.51,HIGH_LOAD
94.12,290.31,16.13,31.81,46.72,416,0.42,NORMAL
274.45,553.67,51.33,83.08,142.28,1229,1.59,WARNING
128.95,90.39,34.96,14.03,53.44,395,0.66,NORMAL
97.65,184.37,27.13,39.68,33.89,565,0.42,NORMAL
125.7,244.04,20.94,29.92,40.8,415,0.52,NORMAL
261.05,349.72,71.52,70.46,237.1,1438,1.18,WARNING
357.62,354.08,67.94,74.13,209.5,2168,1.38,WARNING
106.6,148.2,26.48,57.62,45.63,422,0.51,NORMAL
256.18,753.24,68.92,68.3,194.93,2231,1.99,WARNING
116.7,220.54,39.34,51.44,64.92,552,0.63,NORMAL
68.21,214.81,16.88,29.33,56.13,553,0.92,NORMAL
708.37,1105.93,79.14,93.65,505.61,2672,3.24,HIGH_LOAD
234.42,712.86,41.66,73.17,260.05,1565,1.7,WARNING
500.51,1835.2,83.95,94.49,510.49,2761,3.98,HIGH_LOAD
625.8,1142.56,89.81,87.52,603.4,3122,3.88,HIGH_LOAD
130.01,213.04,37.45,27.26,30.02,625,0.48,NORMAL
260.41,704.33,72.11,70.94,283.04,1877,2.12,WARNING
125.5,186.07,45.54,35.76,39.95,484,0.44,NORMAL
641.2,852.36,94.34,85.59,394.49,2879,4.16,HIGH_LOAD
74.13,294.73,34.57,46.95,6.25,369,0.42,NORMAL
562.24,1025.31,87.42,92.21,463.19,2900,3.18,HIGH_LOAD
86.56,167.65,22.85,32.84,44.28,595,0.28,NORMAL
89.61,286.91,42.33,40.0,51.0,430,0.71,NORMAL
740.44,1859.81,84.28,87.21,418.34,2914,4.77,HIGH_LOAD
119.09,233.26,52.47,34.37,34.01,554,0.45,NORMAL
84.01,264.62,29.36,39.77,37.05,768,0.56,NORMAL
124.01,162.47,16.29,50.08,18.76,385,0.27,NORMAL
163.5,119.29,35.03,49.7,52.13,368,0.56,NORMAL
96.39,266.4,43.76,53.56,58.61,411,0.31,NORMAL
101.77,241.49,42.69,26.85,76.71,294,0.58,NORMAL
129.36,236.52,24.93,64.24,64.15,447,0.74,NORMAL
96.64,115.05,34.79,47.46,50.8,490,0.81,NORMAL
100.85,304.32,24.99,39.26,32.05,222,0.54,NORMAL
479.84,1451.35,81.19,83.18,532.79,3798,2.77,HIGH_LOAD
290.91,673.37,64.56,57.89,233.91,1875,1.63,WARNING
106.21,290.2,21.97,44.91,28.07,536,0.77,NORMAL
79.15,271.95,39.53,50.8,23.0,511,0.51,NORMAL
101.7,156.49,31.33,25.11,79.99,709,0.6,NORMAL
87.46,223.89,40.23,31.17,55.66,451,0.1,NORMAL
60.0,243.34,31.45,56.01,42.91,636,0.64,NORMAL
111.72,129.62,29.91,41.85,64.36,617,0.42,NORMAL
111.5,210.8,21.41,30.99,80.45,418,0.43,NORMAL
108.57,290.7,27.92,34.87,58.07,440,0.5,NORMAL
580.33,1098.95,83.46,88.22,517.34,3544,1.95,HIGH_LOAD
186.71,752.23,56.83,67.27,204.25,1159,1.32,WARNING
238.79,773.46,66.19,85.6,249.64,1425,1.28,WARNING
70.77,282.38,26.34,51.82,36.55,254,0.47,NORMAL
88.55,267.52,24.62,35.04,50.12,575,0.19,NORMAL
81.1,156.66,36.54,32.3,67.51,407,0.21,NORMAL
666.8,1409.04,86.25,84.01,606.52,2429,3.39,HIGH_LOAD
109.27,239.79,14.43,29.32,30.59,526,0.89,NORMAL
85.01,223.65,41.57,47.06,39.54,477,0.28,NORMAL
131.36,244.21,26.5,36.24,44.59,506,0.43,NORMAL
111.22,92.3,26.4,32.74,80.96,319,0.76,NORMAL
89.59,205.7,24.79,37.72,57.04,470,0.59,NORMAL
131.22,236.41,23.02,49.04,87.88,681,0.83,NORMAL
715.12,1342.48,89.47,93.04,447.94,2926,2.56,HIGH_LOAD
89.33,210.75,43.16,41.95,70.02,439,0.45,NORMAL
290.27,577.99,64.75,53.97,195.42,1765,1.69,WARNING
75.29,180.25,21.09,57.64,79.48,551,0.76,NORMAL
113.07,282.07,20.67,45.91,39.59,460,0.5,NORMAL
116.61,243.23,38.31,22.24,52.74,568,0.53,NORMAL
229.47,562.63,58.75,63.53,202.23,1522,1.12,WARNING
252.71,617.18,46.23,76.87,194.16,1774,1.6,WARNING
116.31,213.93,36.75,37.79,76.69,499,0.74,NORMAL
618.32,1024.56,95.88,95.84,539.21,3312,3.53,HIGH_LOAD
108.9,195.31,16.97,31.92,80.91,379,0.37,NORMAL
712.6,988.52,88.8,92.61,404.95,3330,3.71,HIGH_LOAD
567.67,743.79,84.27,86.39,382.63,2977,2.81,HIGH_LOAD
56.83,259.38,20.69,41.96,56.81,550,0.69,NORMAL
79.51,366.76,25.33,35.55,65.07,601,0.53,NORMAL
120.78,194.96,28.02,44.13,63.65,469,0.29,NORMAL
245.27,712.91,80.66,74.34,254.17,1616,1.65,WARNING
104.8,232.45,28.08,43.39,39.44,255,0.71,NORMAL
591.3,680.11,88.68,95.15,505.14,2415,3.56,HIGH_LOAD
85.89,191.03,28.52,28.61,72.62,536,0.36,NORMAL
132.12,166.52,19.2,27.32,58.03,458,0.47,NORMAL
279.15,565.53,67.02,69.69,248.47,1746,1.63,WARNING
119.2,145.87,38.47,32.27,27.77,424,0.39,NORMAL
562.06,962.81,92.34,87.63,605.6,3118,4.31,HIGH_LOAD
97.04,215.97,26.22,15.5,71.52,633,0.52,NORMAL
94.51,259.31,9.52,32.84,29.08,512,0.52,NORMAL
136.6,271.41,41.57,45.14,63.86,597,0.56,NORMAL
291.42,734.07,52.76,81.51,203.75,1523,1.16,WARNING
77.3,265.7,29.05,30.54,66.64,458,0.55,NORMAL
105.0,239.95,25.78,38.95,46.89,506,0.32,NORMAL
314.84,692.7,69.3,51.74,314.84,1060,2.19,WARNING
87.56,346.81,34.31,40.18,43.1,452,0.52,NORMAL
126.11,197.23,20.69,46.8,40.32,600,0.7,NORMAL
272.81,442.88,69.51,71.24,173.41,1746,1.43,WARNING
64.77,261.47,23.43,48.4,50.93,568,0.52,NORMAL
166.26,413.77,77.67,73.15,174.65,1422,1.38,WARNING
117.54,190.34,29.9,19.79,15.47,505,0.1,NORMAL
340.85,357.53,55.57,53.84,162.7,1903,1.73,WARNING
51.61,261.43,44.04,34.59,66.84,409,0.1,NORMAL
86.9,154.44,39.85,45.91,24.52,569,0.2,NORMAL
114.91,219.28,35.88,30.76,32.26,631,0.67,NORMAL
338.39,616.48,63.41,67.83,241.22,1564,1.94,WARNING
92.53,233.77,26.14,29.32,73.83,443,0.66,NORMAL
113.47,72.79,29.64,33.12,43.31,577,0.49,NORMAL
282.34,346.2,62.5,64.75,213.69,1043,1.13,WARNING
564.97,1550.46,84.59,91.66,335.78,3388,3.96,HIGH_LOAD
302.52,651.71,60.27,63.63,134.44,1319,1.39,WARNING
400.9,761.34,58.76,74.08,172.37,1529,1.07,WARNING
259.13,755.46,63.03,79.15,136.35,1473,1.42,WARNING
93.56,232.28,29.18,37.85,71.66,333,0.54,NORMAL
112.49,178.03,32.93,54.35,42.61,463,0.66,NORMAL
264.71,655.04,67.5,69.19,209.49,1876,1.68,WARNING
82.3,123.67,32.95,34.73,47.1,381,0.4,NORMAL
95.69,170.45,31.31,44.65,64.5,604,0.45,NORMAL
84.24,133.39,33.24,36.68,50.05,580,0.4,NORMAL
373.86,485.48,56.4,63.93,230.88,1652,1.46,WARNING
75.12,215.47,18.68,25.3,24.05,565,0.26,NORMAL
517.66,1217.65,86.28,91.08,527.07,2888,4.22,HIGH_LOAD
90.27,234.12,23.89,35.23,37.41,487,0.1,NORMAL
147.28,251.81,16.93,48.09,38.47,634,0.36,NORMAL
104.43,194.96,34.63,35.49,52.81,416,0.91,NORMAL
794.61,952.16,91.69,83.42,399.97,2865,3.42,HIGH_LOAD
89.13,178.93,45.62,37.69,5.0,519,0.61,NORMAL
99.63,219.09,33.73,34.9,33.5,564,0.11,NORMAL
259.8,591.51,47.72,76.15,238.62,1918,1.12,WARNING
98.27,218.54,43.53,33.62,61.9,424,0.33,NORMAL
124.28,326.25,29.69,26.88,42.21,418,0.37,NORMAL
109.04,252.53,28.7,40.8,59.1,375,0.62,NORMAL
565.72,1718.98,95.96,94.08,514.71,2141,3.48,HIGH_LOAD
83.33,134.25,37.16,39.49,36.08,519,0.37,NORMAL
675.93,920.89,86.23,96.38,576.11,3316,3.85,HIGH_LOAD
543.6,993.0,88.81,86.77,466.77,2871,3.83,HIGH_LOAD
119.1,143.16,23.2,39.81,35.57,477,0.65,NORMAL
337.72,607.08,59.37,72.2,130.68,923,1.26,WARNING
148.0,280.0,18.8,49.61,55.91,512,0.39,NORMAL
271.27,617.39,75.2,64.41,287.41,1328,1.85,WARNING
113.58,212.24,11.76,30.33,43.21,304,0.28,NORMAL
101.13,100.69,19.53,37.55,43.89,375,0.46,NORMAL
532.11,1488.71,100.0,94.83,486.97,3289,1.83,HIGH_LOAD
87.47,242.37,37.3,46.2,35.45,495,0.38,NORMAL
296.13,911.64,61.6,61.26,207.55,1586,2.02,WARNING
128.64,130.45,34.49,36.87,26.62,504,0.42,NORMAL
534.33,881.88,80.62,82.14,398.53,2951,2.2,HIGH_LOAD
93.58,204.05,33.72,35.57,51.55,470,0.11,NORMAL
84.31,144.17,26.01,37.43,62.78,543,0.44,NORMAL
78.14,237.03,34.98,55.65,58.87,511,0.29,NORMAL
281.88,648.43,68.65,60.38,189.14,1999,1.06,WARNING
82.26,149.21,43.97,28.92,41.79,626,0.58,NORMAL
295.96,842.87,64.49,62.22,206.27,1479,1.68,WARNING
241.47,640.06,66.09,69.35,293.28,1367,1.55,WARNING
78.6,67.56,22.67,32.28,41.73,516,0.69,NORMAL
108.18,71.34,36.7,47.83,48.51,540,0.54,NORMAL
70.0,318.09,40.85,55.47,57.52,432,0.27,NORMAL
645.82,766.41,94.08,97.75,390.52,2180,3.67,HIGH_LOAD
95.02,193.4,56.77,46.29,61.67,577,0.36,NORMAL
195.59,984.57,66.37,65.49,184.26,1388,0.77,WARNING
86.12,277.64,29.92,48.36,41.26,490,0.82,NORMAL
105.74,172.57,34.23,28.47,32.66,434,0.9,NORMAL
126.34,196.76,21.26,34.24,41.09,436,0.44,NORMAL
100.51,158.11,39.15,40.25,54.58,601,0.29,NORMAL
102.17,211.79,27.44,34.39,40.0,355,0.45,NORMAL
82.29,195.78,19.63,27.09,39.44,488,0.63,NORMAL
79.85,264.9,22.97,30.71,55.66,435,0.41,NORMAL
244.16,693.53,61.31,81.66,94.76,1534,1.36,WARNING
108.4,216.11,30.64,52.6,21.78,524,0.56,NORMAL
123.76,200.87,21.49,20.01,22.52,617,0.77,NORMAL
106.48,156.5,22.51,68.61,60.3,420,0.89,NORMAL
312.88,477.41,63.39,74.57,182.58,2330,2.41,WARNING
94.81,190.43,22.45,13.63,38.02,629,0.67,NORMAL
320.58,507.33,75.7,78.96,135.63,1173,1.89,WARNING
226.68,678.59,69.78,52.22,184.98,1675,1.49,WARNING
96.81,127.93,25.6,46.84,42.8,554,0.57,NORMAL
139.87,221.46,48.23,52.83,59.5,484,0.71,NORMAL
356.59,344.92,56.22,75.03,129.75,1173,1.38,WARNING
84.45,337.88,29.94,53.18,51.05,282,0.25,NORMAL
490.07,1094.85,90.85,97.76,357.26,2529,3.42,HIGH_LOAD
108.4,261.04,38.09,49.32,50.45,439,0.12,NORMAL
72.77,179.06,46.14,29.31,58.81,548,0.21,NORMAL
94.71,217.12,44.85,35.46,67.81,813,0.33,NORMAL
366.68,630.55,64.52,65.77,161.62,1521,1.75,WARNING
646.25,1757.77,86.98,88.66,555.54,3275,4.5,HIGH_LOAD
641.48,933.99,84.24,96.39,475.04,2937,3.12,HIGH_LOAD
83.65,222.07,29.64,28.55,52.38,526,0.58,NORMAL
119.98,268.9,38.21,44.16,44.9,465,0.49,NORMAL
122.35,233.13,29.09,25.18,55.11,492,0.61,NORMAL
78.24,189.93,14.72,35.01,49.88,326,0.73,NORMAL
100.51,116.92,30.06,55.76,60.13,598,0.57,NORMAL
553.19,683.04,99.69,89.9,390.23,3734,3.25,HIGH_LOAD
83.52,199.41,29.21,34.1,60.8,300,0.73,NORMAL
63.45,166.41,59.39,31.17,46.26,484,0.46,NORMAL
687.48,1015.56,92.92,94.91,566.6,3051,3.58,HIGH_LOAD
135.99,179.34,28.3,45.0,40.15,588,0.37,NORMAL
110.35,179.64,34.16,49.69,53.02,380,0.46,NORMAL
322.41,256.37,60.44,73.85,279.09,604,1.25,WARNING
75.38,233.03,40.81,31.89,38.6,573,0.22,NORMAL
322.4,699.24,55.82,68.2,196.62,1603,1.16,WARNING
73.74,128.69,29.29,59.51,37.72,455,0.74,NORMAL
323.1,651.68,55.45,64.7,169.45,951,1.61,WARNING
102.44,156.37,37.71,41.28,43.17,389,0.57,NORMAL
325.85,847.29,85.15,75.1,231.8,1943,1.78,WARNING
100.57,278.05,14.43,47.39,44.14,411,0.58,NORMAL
98.61,87.25,40.51,37.31,31.41,451,0.26,NORMAL
297.33,761.8,63.14,75.34,265.43,1262,0.5,WARNING
310.58,570.19,74.13,68.56,132.81,654,1.57,WARNING
65.88,135.76,31.23,39.12,54.54,544,0.16,NORMAL
375.23,511.83,81.17,72.93,153.45,1535,0.65,WARNING
626.64,1097.96,91.94,91.62,418.76,3025,3.24,HIGH_LOAD
128.15,209.23,44.48,47.1,45.98,417,0.67,NORMAL
79.96,169.54,35.24,47.08,55.81,348,0.55,NORMAL
317.08,411.08,53.27,65.03,320.81,1784,1.41,WARNING
205.0,792.79,45.05,64.69,245.2,2121,2.02,WARNING
86.33,194.82,16.64,47.83,33.43,366,0.6,NORMAL
120.23,199.45,32.03,25.37,63.82,457,0.67,NORMAL
115.2,270.91,33.32,32.69,43.77,554,0.49,NORMAL
365.73,756.25,64.35,64.53,188.58,1342,1.7,WARNING
563.31,1263.63,84.16,87.18,561.36,2879,2.58,HIGH_LOAD
98.97,234.4,34.91,32.2,42.63,473,0.42,NORMAL
79.2,191.74,23.89,21.1,24.1,578,0.47,NORMAL
98.87,189.91,36.51,55.88,51.52,523,0.45,NORMAL
80.59,188.74,34.8,50.14,54.24,588,0.75,NORMAL
103.29,301.46,29.28,41.07,69.01,607,0.65,NORMAL
115.89,134.47,28.47,19.23,48.62,542,0.56,NORMAL
266.93,601.5,67.2,83.58,124.0,1452,1.61,WARNING
130.41,241.51,39.22,44.23,29.48,583,0.41,NORMAL
110.93,142.79,18.28,35.85,50.55,410,0.54,NORMAL
345.67,435.9,65.79,69.79,138.97,1453,1.77,WARNING
503.7,1291.24,93.71,91.78,493.55,2485,4.05,HIGH_LOAD
111.41,276.13,27.42,39.72,40.58,384,0.47,NORMAL
85.63,214.95,40.29,33.05,61.9,621,0.62,NORMAL
262.53,434.94,71.89,68.91,242.54,1625,1.31,WARNING
89.99,256.1,40.27,42.6,81.68,413,0.4,NORMAL
364.88,335.27,51.4,70.1,159.36,1721,0.87,WARNING
86.91,198.62,35.35,33.99,60.5,428,0.34,NORMAL
104.62,111.19,38.82,45.8,36.53,447,0.7,NORMAL
109.73,92.18,44.54,34.19,15.47,399,0.37,NORMAL
87.51,230.75,31.61,35.21,56.76,421,0.92,NORMAL
110.31,145.52,19.93,45.76,42.77,440,0.48,NORMAL
629.96,1494.9,81.56,81.26,405.61,3819,5.11,HIGH_LOAD
92.11,211.97,37.65,46.23,28.6,682,0.35,NORMAL
329.3,601.89,65.52,60.0,219.74,1291,1.49,WARNING
133.74,251.83,15.88,43.5,52.23,512,0.29,NORMAL
93.55,234.9,53.3,32.52,54.88,464,0.31,NORMAL
71.78,221.13,40.8,47.39,58.27,624,0.45,NORMAL
98.2,237.9,21.5,64.12,52.0,371,0.43,NORMAL
123.25,226.51,40.43,34.01,48.97,584,0.51,NORMAL
82.48,236.77,47.26,57.54,32.83,414,0.1,NORMAL
88.54,262.57,33.06,58.5,49.32,337,0.46,NORMAL
110.27,195.36,27.98,29.01,80.3,348,0.95,NORMAL
117.94,198.91,46.91,53.35,19.99,423,0.69,NORMAL
428.94,785.22,89.89,88.41,491.05,2829,2.6,HIGH_LOAD
83.08,221.96,21.58,50.2,36.39,642,0.4,NORMAL
111.64,204.3,32.52,41.39,48.79,443,0.72,NORMAL
111.48,152.53,33.4,58.5,51.02,501,0.59,NORMAL
118.55,217.04,19.07,48.82,56.24,516,0.7,NORMAL
59.8,207.05,33.99,22.76,65.0,674,0.49,NORMAL
119.92,194.17,46.63,46.78,42.64,459,0.64,NORMAL
96.85,237.53,22.31,32.4,19.99,477,0.11,NORMAL
294.05,718.17,70.58,67.12,163.08,1585,2.38,WARNING
84.84,138.15,37.17,28.94,59.05,397,0.51,NORMAL
88.16,177.81,19.95,26.62,36.2,457,0.68,NORMAL
349.14,714.59,79.73,71.74,219.99,1198,1.79,WARNING
582.97,1215.5,87.56,80.28,476.04,2538,3.07,HIGH_LOAD
221.95,428.02,66.98,63.81,198.52,1207,1.64,WARNING
113.14,222.9,42.35,52.45,54.11,323,0.5,NORMAL
306.05,416.45,70.98,71.78,208.27,1501,1.55,WARNING
74.72,171.41,28.21,33.21,40.23,418,0.42,NORMAL
112.67,227.95,27.02,51.46,67.41,537,0.44,NORMAL
104.04,213.17,27.06,38.49,23.3,507,0.52,NORMAL
372.11,593.04,68.56,72.49,136.89,1231,1.48,WARNING
107.47,146.77,32.6,42.69,69.83,479,0.71,NORMAL
97.43,236.3,20.58,34.69,32.32,494,0.72,NORMAL
236.13,529.18,76.96,65.38,169.76,1647,1.84,WARNING
99.11,204.69,30.95,57.64,22.65,436,0.58,NORMAL
597.98,1160.03,87.51,90.64,293.15,2366,3.86,HIGH_LOAD
750.45,685.81,95.59,95.44,540.75,3035,2.16,HIGH_LOAD
388.48,993.28,92.78,94.0,646.32,2449,2.66,HIGH_LOAD
583.21,1619.39,87.53,87.44,632.02,3432,2.91,HIGH_LOAD
376.5,1184.61,98.01,87.04,571.76,3060,4.4,HIGH_LOAD
606.88,312.89,94.8,97.62,554.72,2953,3.44,HIGH_LOAD
250.2,369.51,54.72,65.5,216.67,1631,1.95,WARNING
311.09,794.15,64.22,84.02,129.57,1315,1.78,WARNING
105.98,118.99,32.3,33.54,30.28,594,1.17,NORMAL
702.02,1562.5,94.23,83.51,325.44,2984,5.14,HIGH_LOAD
311.27,452.62,60.58,75.12,164.32,1560,1.41,WARNING
131.17,312.88,29.24,29.68,33.35,527,0.32,NORMAL
96.87,216.18,27.65,55.85,55.02,525,0.57,NORMAL
91.14,232.47,55.0,29.38,30.54,510,0.1,NORMAL
712.82,1234.97,92.59,91.97,420.62,3035,4.1,HIGH_LOAD
232.12,762.99,66.37,85.6,162.72,1766,1.29,WARNING
97.82,287.69,39.31,29.13,33.8,469,0.64,NORMAL
101.76,206.93,22.49,26.98,65.92,551,0.28,NORMAL
110.58,233.85,31.04,44.7,58.68,551,0.56,NORMAL
126.98,145.77,29.09,30.65,52.19,574,0.6,NORMAL
119.87,154.41,41.6,40.42,54.66,465,0.33,NORMAL
142.73,235.91,44.68,59.63,36.67,505,0.53,NORMAL
77.55,222.2,41.56,18.61,51.18,544,0.22,NORMAL
90.7,289.42,21.07,62.23,62.82,628,0.29,NORMAL
118.17,232.41,35.22,38.83,37.5,536,0.28,NORMAL
122.21,207.82,33.4,35.84,26.87,543,0.47,NORMAL
116.77,285.5,19.08,54.33,53.58,484,0.5,NORMAL
465.38,1145.82,84.94,85.15,561.75,2736,3.01,HIGH_LOAD
116.19,98.17,28.59,44.01,55.64,399,0.31,NORMAL
129.81,69.55,21.05,44.63,49.84,323,0.28,NORMAL
274.89,587.14,61.3,73.12,244.07,1249,1.69,WARNING
629.89,812.98,95.12,88.99,591.07,1761,4.39,HIGH_LOAD
97.01,233.27,26.59,31.74,59.96,556,0.44,NORMAL
622.06,1772.79,98.52,100.0,565.02,3182,2.53,HIGH_LOAD
92.28,217.86,33.0,42.17,76.38,649,0.2,NORMAL
114.16,247.3,45.55,44.72,51.58,565,0.63,NORMAL
109.35,247.81,23.56,32.37,38.06,618,0.62,NORMAL
104.09,241.62,37.3,26.79,52.28,627,0.38,NORMAL
88.19,247.69,30.23,37.12,49.25,445,0.23,NORMAL
111.46,207.53,35.31,28.56,46.21,302,0.47,NORMAL
304.28,758.5,58.12,63.15,185.57,1372,1.45,WARNING
388.8,1933.78,92.24,92.21,482.03,2940,3.9,HIGH_LOAD
99.69,249.27,20.09,37.49,33.09,540,0.62,NORMAL
107.99,204.25,12.16,54.26,62.59,486,0.32,NORMAL
715.17,1430.01,94.19,88.16,685.92,2525,2.7,HIGH_LOAD
128.12,160.94,41.91,46.62,43.29,528,0.23,NORMAL
93.83,168.04,24.69,45.83,53.3,648,0.66,NORMAL
113.45,213.22,19.19,31.76,55.38,370,0.57,NORMAL
129.47,289.13,20.0,32.86,62.17,530,0.13,NORMAL
90.36,200.12,28.08,42.83,63.37,663,0.6,NORMAL
156.46,216.79,34.48,39.38,44.95,484,0.8,NORMAL
343.52,842.53,71.09,79.79,241.66,1819,2.35,WARNING
89.45,178.86,39.2,23.66,53.5,548,0.74,NORMAL
155.8,207.7,19.36,22.72,48.41,563,0.65,NORMAL
86.67,184.06,16.08,54.48,37.41,604,0.32,NORMAL
115.14,192.05,16.3,53.64,82.96,555,0.65,NORMAL
113.78,304.59,26.56,41.17,32.41,512,0.4,NORMAL
85.98,183.4,27.38,44.63,57.62,515,0.27,NORMAL
104.71,269.84,34.96,31.71,44.8,498,0.66,NORMAL
62.83,128.01,40.17,25.93,85.3,520,0.58,NORMAL
754.76,1004.95,89.47,100.0,481.63,3598,2.83,HIGH_LOAD
133.84,198.4,42.32,27.71,66.95,441,0.33,NORMAL
110.41,127.46,29.15,59.61,63.68,534,0.79,NORMAL
111.22,107.08,37.38,44.69,68.45,278,0.4,NORMAL
98.99,133.45,46.16,34.66,50.82,377,0.6,NORMAL
64.44,278.61,35.45,35.75,79.0,375,0.8,NORMAL
109.11,266.66,34.7,58.27,33.28,593,0.49,NORMAL
123.64,204.14,7.71,29.51,43.14,535,0.67,NORMAL
563.94,1075.42,95.08,91.93,424.87,2060,4.05,HIGH_LOAD
103.5,264.76,18.74,34.64,51.48,504,0.75,NORMAL
126.95,175.01,30.52,28.08,60.12,411,0.37,NORMAL
581.52,787.51,90.97,93.12,573.48,3575,4.68,HIGH_LOAD
184.13,347.96,56.56,70.09,282.77,1897,1.11,WARNING
581.76,1126.67,89.02,88.96,721.71,3337,2.37,HIGH_LOAD
156.53,193.49,26.61,29.89,39.36,529,0.41,NORMAL
99.14,279.95,5.83,52.22,54.4,455,0.32,NORMAL
109.4,102.85,23.62,32.22,52.81,579,0.45,NORMAL
273.57,830.12,66.15,55.66,244.21,1626,1.13,WARNING
297.35,621.08,74.48,60.58,124.55,1360,2.0,WARNING
276.69,805.99,61.05,82.27,205.41,1246,1.31,WARNING
79.6,210.88,46.79,36.64,74.88,372,0.39,NORMAL
93.63,254.21,25.09,45.96,38.77,534,0.61,NORMAL
127.24,272.09,24.05,44.23,46.77,510,0.67,NORMAL
124.84,169.94,20.56,36.51,52.81,535,0.51,NORMAL
89.47,219.56,40.62,29.65,56.69,322,0.6,NORMAL
245.02,602.7,73.74,70.33,209.4,1879,1.78,WARNING
276.19,398.08,67.46,60.24,245.28,1258,2.17,WARNING
93.9,220.9,20.49,35.92,67.94,471,0.55,NORMAL
104.69,189.33,24.67,54.04,37.82,542,0.48,NORMAL
101.83,166.67,18.89,41.97,83.82,541,0.55,NORMAL
270.91,651.35,36.51,70.7,109.09,1632,1.14,WARNING
82.93,269.27,23.22,33.76,72.96,556,0.1,NORMAL
73.06,247.21,34.81,29.32,59.28,328,0.49,NORMAL
68.96,177.47,25.55,35.12,45.64,649,0.93,NORMAL
298.78,311.12,64.49,74.25,248.29,894,0.79,WARNING
565.4,1333.74,86.77,100.0,573.02,2970,2.93,HIGH_LOAD
86.01,154.28,28.63,22.83,37.2,361,0.6,NORMAL
234.64,652.69,69.38,73.33,108.24,1480,0.8,WARNING
90.34,180.83,32.4,30.98,46.62,474,0.63,NORMAL
104.31,225.02,38.95,44.68,44.52,366,0.75,NORMAL
304.78,590.92,55.97,69.48,151.64,1349,1.65,WARNING
103.92,173.81,23.09,30.65,24.76,684,0.61,NORMAL
89.65,123.32,37.69,16.05,48.76,637,0.57,NORMAL
842.76,1339.25,87.93,96.21,336.6,2925,4.0,HIGH_LOAD
787.11,1303.07,93.61,100.0,394.66,3638,2.85,HIGH_LOAD
308.62,555.23,72.95,75.56,159.45,1414,0.92,WARNING
467.64,658.43,91.02,86.62,376.99,3415,3.0,HIGH_LOAD
100.04,138.35,24.01,43.37,68.36,491,0.21,NORMAL
658.52,700.98,90.47,88.35,624.67,2552,3.75,HIGH_LOAD
107.21,167.02,26.66,31.18,87.18,454,0.7,NORMAL
72.64,156.13,38.51,44.61,67.47,489,0.52,NORMAL
94.59,116.7,38.69,37.68,21.18,564,0.76,NORMAL
73.9,260.81,34.86,45.31,46.99,373,0.64,NORMAL
89.06,195.16,33.75,50.18,44.72,509,0.25,NORMAL
529.76,1154.53,81.88,91.25,353.37,4046,4.41,HIGH_LOAD
433.36,365.08,63.75,72.35,189.47,1187,1.62,WARNING
89.15,226.17,30.63,29.17,37.03,712,0.32,NORMAL
89.26,179.02,30.1,38.02,55.21,432,0.58,NORMAL
73.89,122.0,32.76,43.7,35.05,433,0.22,NORMAL
294.07,276.94,63.95,76.77,181.76,1388,2.49,WARNING
86.79,165.22,11.99,34.56,53.74,540,0.54,NORMAL
111.89,163.25,36.03,39.87,53.8,628,0.59,NORMAL
308.16,712.55,71.33,93.71,214.39,1547,1.72,WARNING
466.41,1160.52,90.57,100.0,585.54,3620,3.55,HIGH_LOAD
109.62,253.7,29.47,51.14,32.7,292,0.58,NORMAL
97.15,160.47,39.64,33.07,58.13,613,0.65,NORMAL
300.36,447.38,53.44,62.85,229.93,1188,1.46,WARNING
86.06,214.11,26.71,29.91,64.1,414,0.39,NORMAL
667.08,1128.76,97.08,83.4,490.86,3037,5.06,HIGH_LOAD
116.03,179.18,42.32,45.12,48.9,556,0.64,NORMAL
228.93,527.55,72.82,54.38,219.61,1841,1.79,WARNING
115.28,260.4,41.64,40.33,44.46,363,0.36,NORMAL
103.44,237.65,34.83,50.85,61.71,576,0.12,NORMAL
89.66,229.85,33.81,37.55,47.52,769,0.52,NORMAL
73.23,215.74,21.9,29.69,53.1,415,0.72,NORMAL
225.49,751.01,55.9,77.75,241.49,1385,1.88,WARNING
88.53,198.42,41.83,24.2,39.0,479,0.3,NORMAL
282.66,704.36,64.51,51.82,311.4,1105,1.22,WARNING
184.55,440.44,82.44,71.69,218.18,1596,1.66,WARNING
79.42,146.92,31.43,36.19,43.48,598,0.19,NORMAL
99.01,227.5,25.14,44.84,67.5,504,0.73,NORMAL
504.5,1317.01,87.66,88.63,443.99,2337,2.33,HIGH_LOAD
104.83,233.84,25.22,34.49,40.3,651,0.26,NORMAL
99.07,174.39,31.69,25.95,71.73,475,0.24,NORMAL
734.57,1183.87,87.16,90.15,518.54,3950,3.35,HIGH_LOAD
72.02,221.18,33.67,28.8,72.49,543,0.44,NORMAL
369.5,700.14,50.69,65.45,232.67,1355,2.49,WARNING
349.18,435.36,75.1,59.52,153.98,2174,0.89,WARNING
106.73,199.85,33.66,39.55,27.08,519,0.56,NORMAL
99.26,86.75,25.03,23.02,54.51,576,0.47,NORMAL
343.75,538.3,49.76,68.56,114.29,1837,0.9,WARNING
104.31,268.88,36.45,49.09,57.54,594,0.37,NORMAL
90.31,164.42,34.51,55.74,42.42,696,0.57,NORMAL
76.91,203.09,36.47,47.71,53.54,449,0.28,NORMAL
262.68,809.74,81.67,64.85,229.24,1557,1.67,WARNING
314.14,490.55,58.79,62.8,192.03,1484,1.93,WARNING
318.07,731.15,64.77,69.28,145.83,941,1.86,WARNING
94.98,273.8,37.66,51.44,71.81,514,0.49,NORMAL
82.96,158.76,26.32,39.33,49.33,392,0.51,NORMAL
359.83,580.71,63.61,66.65,211.54,1778,1.61,WARNING
326.48,540.57,68.21,62.41,247.99,1844,1.61,WARNING
92.49,240.22,33.75,43.98,57.01,420,0.22,NORMAL
116.88,193.61,20.87,28.42,35.86,482,0.83,NORMAL
313.71,565.13,54.14,58.59,221.08,1651,1.31,WARNING
92.67,207.28,32.39,47.32,54.85,527,0.45,NORMAL
280.43,272.93,51.01,67.39,96.05,1770,2.32,WARNING
112.55,91.39,19.65,67.35,28.94,539,0.16,NORMAL
311.6,785.6,64.88,75.92,165.59,1734,1.78,WARNING
287.27,340.63,68.75,63.01,188.98,1721,1.69,WARNING
243.14,582.38,62.9,65.67,215.75,820,0.92,WARNING
120.66,231.63,44.94,42.13,59.35,630,0.62,NORMAL
69.31,210.28,22.02,38.83,34.52,402,0.58,NORMAL
113.8,174.97,33.41,43.42,43.93,462,0.57,NORMAL
83.43,151.37,29.43,41.97,60.66,560,0.81,NORMAL
108.18,249.81,29.1,36.12,33.1,562,0.72,NORMAL
107.42,192.63,34.13,42.93,50.58,468,0.41,NORMAL
113.15,230.56,32.26,50.09,55.11,473,0.43,NORMAL
73.24,149.77,41.31,39.02,36.8,579,0.27,NORMAL
332.17,489.73,64.86,64.71,229.0,1509,2.1,WARNING
467.52,1316.07,99.03,89.34,271.79,2796,3.86,HIGH_LOAD
101.29,125.53,11.95,50.52,39.79,519,0.45,NORMAL
116.67,298.62,24.26,32.64,37.62,644,0.53,NORMAL
132.68,136.93,29.94,49.81,29.89,463,0.44,NORMAL
220.44,511.4,56.72,69.21,174.59,2164,1.92,WARNING
94.93,112.76,36.32,47.68,48.95,494,0.51,NORMAL
114.41,196.79,29.73,56.99,50.81,422,0.5,NORMAL
101.91,132.83,52.24,26.64,66.46,540,0.32,NORMAL
105.25,286.3,11.46,46.62,36.69,589,0.4,NORMAL
344.72,508.17,60.01,70.52,193.76,1640,1.92,WARNING
82.46,157.02,45.58,36.54,72.22,493,0.7,NORMAL
291.56,478.63,42.57,53.36,186.85,1044,1.96,WARNING
94.51,161.87,42.2,47.35,53.0,530,0.35,NORMAL
664.1,805.31,93.29,85.14,591.67,2957,3.57,HIGH_LOAD
74.29,140.07,7.96,19.95,17.86,635,0.66,NORMAL
408.37,616.03,61.95,63.03,202.8,1447,1.49,WARNING
142.4,194.33,39.36,40.99,44.63,625,0.61,NORMAL
83.38,181.53,44.94,45.41,42.23,778,0.41,NORMAL
91.68,149.94,45.39,40.81,36.3,588,0.66,NORMAL
104.31,124.27,21.98,19.76,44.08,552,0.6,NORMAL
116.75,135.06,25.97,41.89,65.05,447,0.84,NORMAL
94.5,189.23,31.91,37.14,62.31,604,0.57,NORMAL
339.34,301.88,69.15,61.62,209.4,1389,1.35,WARNING
70.46,225.6,41.63,55.54,32.14,532,0.44,NORMAL
131.53,225.37,23.85,49.55,56.39,434,0.71,NORMAL
133.67,113.47,16.74,35.13,48.38,582,0.77,NORMAL
86.61,241.65,38.8,49.26,58.34,567,0.34,NORMAL
93.09,193.88,32.25,18.69,57.24,672,0.54,NORMAL
303.68,545.55,61.21,71.17,205.64,906,1.34,WARNING
75.96,117.5,24.53,48.78,65.31,546,0.74,NORMAL
381.4,665.31,68.44,62.82,364.01,1684,2.07,WARNING
66.06,199.89,24.19,37.69,45.84,426,0.64,NORMAL
97.27,115.65,25.14,53.81,58.88,481,0.54,NORMAL
93.7,206.82,40.84,32.75,46.13,621,0.68,NORMAL
496.52,1152.01,83.98,84.72,425.17,2901,3.47,HIGH_LOAD
385.8,708.52,64.1,77.83,291.56,1451,1.6,WARNING
758.03,747.87,80.96,90.43,369.38,2732,3.37,HIGH_LOAD
538.91,1085.34,85.56,87.91,591.72,2554,3.4,HIGH_LOAD
635.42,1530.73,89.44,93.72,406.63,2891,3.44,HIGH_LOAD
553.39,1324.62,90.25,99.1,493.1,2965,3.2,HIGH_LOAD
500.01,1280.04,97.4,94.73,624.06,1983,4.76,HIGH_LOAD
592.21,1012.1,90.34,94.64,501.72,2924,3.95,HIGH_LOAD
131.61,157.11,26.14,40.04,48.53,634,0.59,NORMAL
109.69,254.35,15.81,37.88,46.74,539,0.47,NORMAL
119.28,156.41,52.16,44.97,42.97,526,0.26,NORMAL
89.61,219.86,27.34,45.7,32.18,564,0.26,NORMAL
327.62,795.5,61.47,73.11,217.13,1881,1.81,WARNING
120.04,204.11,17.94,24.74,31.58,401,0.53,NORMAL
673.48,1423.36,87.56,92.51,461.4,3014,3.46,HIGH_LOAD
126.37,175.54,30.68,37.05,37.78,590,0.4,NORMAL
368.19,553.56,78.09,50.62,200.89,1573,1.6,WARNING
146.25,194.41,36.6,38.11,53.83,468,0.46,NORMAL
323.76,693.3,50.56,72.66,183.39,1537,1.49,WARNING
120.01,124.76,27.92,38.08,63.5,497,0.71,NORMAL
109.53,188.24,20.47,28.57,63.2,730,0.32,NORMAL
644.94,800.78,84.51,91.22,445.86,2910,3.29,HIGH_LOAD
118.02,186.71,27.43,36.76,46.56,468,0.4,NORMAL
772.45,768.05,94.57,93.8,721.04,3176,3.23,HIGH_LOAD
530.05,1443.49,98.39,92.55,593.16,2889,3.4,HIGH_LOAD
108.08,184.97,31.31,44.77,51.93,564,0.45,NORMAL
83.5,158.74,16.89,49.75,46.33,518,0.5,NORMAL
316.37,533.7,56.28,87.6,210.85,2039,1.26,WARNING
547.29,1426.76,89.97,86.89,590.39,2578,3.75,HIGH_LOAD
617.97,1198.65,87.21,85.37,559.91,2872,3.82,HIGH_LOAD
59.13,129.81,22.73,51.99,41.32,509,0.45,NORMAL
323.56,727.42,57.87,64.23,234.26,1439,1.45,WARNING
103.78,254.89,34.52,55.43,55.79,597,0.39,NORMAL
104.53,117.29,33.98,26.75,35.11,609,0.89,NORMAL
625.82,1769.09,88.22,89.37,623.94,3033,3.5,HIGH_LOAD
81.88,179.85,21.19,27.74,53.43,533,0.63,NORMAL
127.68,229.43,23.1,37.83,33.54,545,0.36,NORMAL
85.36,219.4,29.98,42.39,38.99,382,0.6,NORMAL
114.29,168.72,38.23,31.86,39.7,545,0.26,NORMAL
115.96,155.57,37.13,40.81,39.83,411,0.38,NORMAL
311.33,533.12,56.85,79.9,224.85,1352,1.86,WARNING
73.32,162.33,29.97,31.25,47.13,569,0.44,NORMAL
674.76,1514.78,84.48,92.03,352.33,4095,3.09,HIGH_LOAD
656.57,828.66,95.05,94.41,510.54,2830,2.37,HIGH_LOAD
711.64,838.48,92.06,91.21,509.75,3083,4.45,HIGH_LOAD
319.56,605.58,53.34,56.51,167.06,1995,2.05,WARNING
125.89,303.07,32.12,29.13,23.15,546,0.25,NORMAL
336.13,411.3,65.99,80.07,202.34,2318,1.89,WARNING
432.16,689.47,87.95,88.5,528.28,3607,3.07,HIGH_LOAD
124.42,161.32,33.5,56.17,35.48,529,0.56,NORMAL
74.62,189.43,32.24,42.98,53.99,504,0.74,NORMAL
229.56,602.05,64.8,81.58,193.6,1358,1.89,WARNING
87.41,223.92,39.01,26.62,39.87,644,0.27,NORMAL
660.79,1029.45,93.11,84.57,526.06,2790,4.62,HIGH_LOAD
578.48,1356.23,84.76,81.98,536.94,2913,3.78,HIGH_LOAD
320.03,515.28,72.97,75.24,144.94,1614,1.5,WARNING
100.24,231.09,29.05,40.49,49.72,456,0.54,NORMAL
687.42,1170.51,96.28,88.02,455.53,3578,2.88,HIGH_LOAD
275.63,484.74,49.76,62.16,211.58,1522,2.25,WARNING
511.99,673.98,90.8,91.78,455.82,3188,2.32,HIGH_LOAD
267.89,610.12,73.3,83.13,135.57,1320,2.04,WARNING
90.3,258.34,39.77,54.42,50.61,425,0.73,NORMAL
474.16,1155.76,80.13,85.89,531.38,3338,3.03,HIGH_LOAD
270.59,452.27,62.98,54.25,249.95,1418,0.66,WARNING
119.15,244.62,23.7,38.93,50.52,501,0.25,NORMAL
85.31,184.32,22.95,33.72,45.64,439,0.53,NORMAL
85.87,199.23,19.73,35.52,31.53,440,0.39,NORMAL
328.55,380.86,50.38,82.11,222.35,1437,0.88,WARNING
334.27,689.36,72.48,86.66,244.11,1960,0.47,WARNING
69.17,191.55,36.24,37.97,40.7,440,0.34,NORMAL
455.82,839.65,89.02,92.86,388.45,2609,3.39,HIGH_LOAD
83.17,150.91,37.83,31.0,65.06,674,0.73,NORMAL
110.39,167.81,34.58,24.74,50.52,419,0.45,NORMAL
219.59,648.55,58.6,84.28,234.43,1243,1.08,WARNING
101.95,202.42,36.99,42.65,20.87,459,0.47,NORMAL
83.26,287.62,22.65,45.67,38.51,487,0.6,NORMAL
314.97,467.65,60.19,59.96,240.07,1495,1.79,WARNING
102.5,273.27,28.69,48.36,58.46,613,0.77,NORMAL
109.14,149.19,31.17,29.05,40.24,546,0.64,NORMAL
90.97,138.57,20.17,31.3,10.86,570,0.45,NORMAL
127.74,218.01,24.72,40.03,65.13,571,0.43,NORMAL
75.35,249.93,29.51,30.59,68.29,489,0.3,NORMAL
408.93,1125.17,81.85,83.89,439.49,3326,3.99,HIGH_LOAD
140.07,247.63,37.62,37.31,66.72,387,0.39,NORMAL
86.84,147.72,8.97,45.06,50.93,481,0.69,NORMAL
580.01,937.16,86.95,85.43,227.24,2942,2.59,HIGH_LOAD
284.97,619.19,71.38,62.52,98.96,718,1.34,WARNING
83.06,183.67,12.37,58.28,39.14,445,0.36,NORMAL
90.46,171.23,20.34,40.45,54.27,483,0.78,NORMAL
101.79,237.99,22.82,21.88,56.1,531,0.35,NORMAL
275.75,600.38,67.05,81.03,162.64,1796,1.34,WARNING
380.76,919.34,67.13,77.83,270.19,1901,1.47,WARNING
89.88,251.82,21.39,48.54,37.04,561,0.31,NORMAL
109.96,148.25,34.94,44.9,53.32,451,0.36,NORMAL
78.1,142.11,19.24,49.25,58.37,330,0.4,NORMAL
97.67,195.55,32.89,41.01,67.76,433,0.38,NORMAL
98.53,234.42,42.44,35.69,39.17,494,0.46,NORMAL
278.47,655.33,66.63,73.04,151.32,2010,1.27,WARNING
283.54,265.91,77.44,59.59,165.47,1772,1.56,WARNING
82.04,197.76,39.42,30.94,79.53,459,0.67,NORMAL
69.52,84.28,35.87,26.53,50.26,419,0.63,NORMAL
83.99,270.07,31.35,26.66,40.56,295,0.25,NORMAL
128.56,162.09,33.23,27.46,48.07,476,0.16,NORMAL
217.73,768.2,64.55,66.56,174.57,1537,1.41,WARNING
254.34,667.27,66.12,54.01,254.33,1517,1.38,WARNING
65.18,244.25,36.83,53.21,47.97,709,1.05,NORMAL
266.48,417.6,57.54,58.98,170.65,1857,0.82,WARNING
121.81,70.83,24.27,9.32,40.17,466,0.43,NORMAL
93.18,174.99,23.65,46.34,56.29,344,0.42,NORMAL
77.33,153.39,41.22,46.71,41.86,548,0.32,NORMAL
80.95,200.66,29.39,34.23,25.21,741,0.56,NORMAL
649.91,1347.98,80.71,92.56,418.71,3359,2.86,HIGH_LOAD
95.67,202.16,34.0,50.59,35.97,590,0.13,NORMAL
80.42,180.95,37.81,24.47,38.89,438,0.45,NORMAL
603.2,1271.25,87.62,88.55,518.21,3424,4.18,HIGH_LOAD
650.74,1754.8,93.05,91.28,492.91,2556,4.64,HIGH_LOAD
88.55,196.57,27.05,42.74,45.89,556,0.51,NORMAL
90.32,216.37,38.16,32.3,48.52,382,0.23,NORMAL
101.37,193.93,38.89,22.56,58.06,416,0.61,NORMAL
368.88,271.95,56.41,74.18,223.55,1335,0.87,WARNING
81.26,209.61,22.45,35.65,44.14,435,0.1,NORMAL
266.49,573.01,44.92,65.42,364.61,1425,0.92,WARNING
114.23,274.17,31.89,18.93,29.71,697,0.6,NORMAL
325.56,528.48,52.71,62.64,222.5,1395,1.65,WARNING
321.07,465.83,61.46,59.72,178.01,1294,2.18,WARNING
114.16,173.52,32.51,45.07,51.29,430,0.15,NORMAL
293.92,618.63,55.45,56.97,204.2,1572,1.07,WARNING
106.44,219.49,18.51,30.47,71.36,629,0.63,NORMAL
238.95,556.46,54.74,65.65,216.67,1450,1.18,WARNING
95.85,303.5,28.22,18.22,48.94,599,0.49,NORMAL
85.55,223.74,38.39,31.7,47.32,484,0.54,NORMAL
104.94,203.48,21.28,30.07,75.0,522,0.76,NORMAL
100.32,126.32,25.41,43.93,58.9,570,0.46,NORMAL
544.49,1001.13,100.0,88.5,420.96,3568,4.04,HIGH_LOAD
296.06,647.56,64.93,78.26,189.82,1679,1.59,WARNING
535.41,1359.71,95.27,91.46,568.7,3612,3.04,HIGH_LOAD
146.4,236.29,18.18,37.77,53.32,497,0.43,NORMAL
78.05,171.13,30.06,39.71,52.82,720,0.52,NORMAL
87.18,240.27,17.61,35.23,52.91,538,0.3,NORMAL
285.94,623.78,62.6,83.77,273.26,1372,1.1,WARNING
568.13,1460.98,93.44,92.4,408.41,2973,2.75,HIGH_LOAD
111.25,256.97,32.82,45.64,49.75,394,0.51,NORMAL
101.16,156.22,33.14,56.24,23.43,537,0.37,NORMAL
109.28,133.85,34.37,41.92,31.65,658,0.12,NORMAL
688.62,1290.18,84.62,95.97,591.63,3225,3.77,HIGH_LOAD
80.04,274.81,29.48,39.41,25.8,529,0.57,NORMAL
298.93,594.57,50.82,74.01,149.72,1363,1.57,WARNING
258.01,643.88,74.34,69.8,312.27,1188,2.3,WARNING
100.37,265.7,27.35,25.39,37.08,505,0.43,NORMAL
123.42,149.35,36.81,29.87,42.93,512,0.7,NORMAL
102.66,165.54,30.51,37.33,55.21,336,0.54,NORMAL
369.49,459.6,68.16,81.33,109.89,991,1.1,WARNING
120.96,151.36,39.21,36.7,43.94,387,0.86,NORMAL
510.01,1668.71,90.61,92.85,462.96,3430,2.81,HIGH_LOAD
93.71,194.49,12.44,32.23,37.76,389,0.56,NORMAL
105.59,145.19,1.0,29.59,67.06,365,0.48,NORMAL
365.27,528.62,60.48,56.57,136.89,1467,1.42,WARNING
81.73,134.3,48.66,71.3,50.3,410,0.51,NORMAL
91.56,174.94,34.62,55.0,39.94,436,0.48,NORMAL
115.32,207.78,22.36,55.73,34.18,622,0.83,NORMAL
93.95,219.43,33.48,27.52,36.29,373,0.1,NORMAL
88.63,120.75,26.07,51.55,60.03,654,0.64,NORMAL
70.31,211.28,34.58,33.74,40.02,392,0.57,NORMAL
67.14,170.42,46.44,42.31,41.97,658,0.75,NORMAL
343.52,723.6,57.86,75.24,194.09,1601,1.89,WARNING
92.2,263.34,23.55,41.11,26.25,532,0.17,NORMAL
218.94,893.95,65.52,85.34,216.37,1241,1.55,WARNING
72.72,220.25,17.31,29.0,20.41,498,0.15,NORMAL
130.38,270.05,42.35,52.29,43.66,473,0.53,NORMAL
117.3,147.67,22.27,44.64,52.4,434,0.49,NORMAL
117.12,153.96,23.85,30.24,54.25,621,0.54,NORMAL
330.51,592.01,74.94,75.16,211.44,1774,1.64,WARNING
309.32,578.42,64.19,70.8,145.11,1632,1.91,WARNING
365.91,622.99,68.0,66.3,178.93,1693,1.23,WARNING
695.37,1110.33,92.33,98.33,605.99,3169,3.9,HIGH_LOAD
663.02,1099.96,88.93,82.61,759.23,3086,4.5,HIGH_LOAD
99.37,181.81,23.48,41.95,60.91,640,0.86,NORMAL
635.5,1361.78,82.11,90.51,356.12,2577,3.59,HIGH_LOAD
49.54,289.28,40.08,47.45,14.7,374,0.6,NORMAL
865.45,707.83,86.63,98.25,441.48,2463,3.26,HIGH_LOAD
81.38,178.51,33.71,33.9,37.69,588,0.1,NORMAL
83.29,174.01,24.08,56.22,40.89,413,0.5,NORMAL
329.85,664.82,84.34,72.78,293.59,1420,1.61,WARNING
200.58,605.67,43.61,53.9,210.68,1726,1.71,WARNING
118.07,213.17,35.19,46.8,55.57,587,0.38,NORMAL
246.55,810.8,68.0,59.78,197.85,1390,1.28,WARNING
763.83,1166.78,82.25,82.53,414.63,2828,4.68,HIGH_LOAD
595.26,1785.07,100.0,91.84,557.6,3242,2.78,HIGH_LOAD
459.61,1781.01,92.56,90.89,463.17,3249,3.31,HIGH_LOAD
275.16,795.67,58.62,72.97,121.0,1765,1.26,WARNING
475.76,822.51,82.95,92.92,433.79,2283,3.84,HIGH_LOAD
67.54,283.15,22.62,22.68,41.77,436,0.26,NORMAL
122.94,214.11,25.5,42.28,42.64,702,0.24,NORMAL
115.04,203.2,37.5,33.02,31.37,461,0.36,NORMAL
380.99,1006.28,70.09,84.88,238.44,1499,1.23,WARNING
620.75,1473.09,87.15,90.09,646.34,3581,4.05,HIGH_LOAD
99.25,116.3,31.94,49.21,60.88,459,0.13,NORMAL
98.54,148.5,11.58,47.55,46.56,621,0.55,NORMAL
666.98,913.02,89.47,85.74,522.81,2207,4.35,HIGH_LOAD
506.41,1195.4,96.76,94.54,523.4,2709,3.22,HIGH_LOAD
244.95,678.17,59.06,90.27,240.13,1912,1.02,WARNING
121.73,106.8,24.51,32.66,62.25,361,0.41,NORMAL
257.96,556.9,57.46,58.09,294.18,1402,1.19,WARNING
267.23,496.11,72.65,70.86,143.9,1339,1.01,WARNING
334.25,547.6,54.04,76.8,317.38,1663,1.33,WARNING
93.15,173.99,49.0,49.32,72.48,382,0.83,NORMAL
757.22,1176.58,92.45,98.57,555.28,3115,3.09,HIGH_LOAD
311.69,612.23,51.36,80.46,96.05,1492,1.8,WARNING
90.62,151.22,28.36,55.15,55.88,523,0.58,NORMAL
111.43,134.44,17.75,46.13,24.6,498,0.43,NORMAL
133.83,147.5,45.02,55.73,79.24,506,0.63,NORMAL
86.82,104.09,28.36,41.58,69.8,352,0.84,NORMAL
106.55,216.23,9.78,43.84,47.4,556,0.9,NORMAL
248.75,542.73,69.26,74.61,288.38,1737,1.25,WARNING
49.15,169.65,18.41,36.56,35.86,414,0.49,NORMAL
74.62,136.18,53.87,49.84,54.59,499,0.38,NORMAL
107.35,262.31,33.35,54.21,66.3,424,0.34,NORMAL
75.5,291.29,42.86,26.49,60.5,397,0.28,NORMAL
137.26,174.54,16.62,51.64,66.45,536,0.52,NORMAL
111.61,143.01,18.37,55.25,54.69,485,0.31,NORMAL
123.07,212.39,24.75,30.98,72.08,506,0.49,NORMAL
129.9,284.8,38.28,27.86,44.1,604,0.24,NORMAL
99.19,245.4,27.54,42.45,63.83,328,0.32,NORMAL
503.36,920.57,93.53,94.7,608.15,3140,3.64,HIGH_LOAD
366.58,634.62,71.61,87.44,232.03,1433,2.43,WARNING
86.96,196.5,41.52,37.95,77.75,529,0.88,NORMAL
488.71,1152.17,85.93,95.19,625.92,2176,2.8,HIGH_LOAD
290.75,797.11,51.38,73.9,209.14,1453,1.25,WARNING
653.94,1342.59,92.28,87.03,547.74,2121,2.47,HIGH_LOAD
101.98,194.47,13.91,49.15,59.99,484,0.44,NORMAL
131.24,230.02,15.1,33.01,53.57,488,0.57,NORMAL
95.97,261.55,12.06,47.49,45.93,537,0.38,NORMAL
108.91,197.34,33.84,41.07,40.83,261,0.74,NORMAL
97.87,278.59,48.92,24.34,70.28,450,0.68,NORMAL
92.98,186.01,21.2,22.83,34.17,491,0.35,NORMAL
255.66,639.76,59.29,72.84,241.26,1051,1.56,WARNING
252.83,628.55,55.58,75.56,219.83,961,1.24,WARNING
261.36,864.6,70.73,61.77,156.71,1459,1.76,WARNING
104.81,189.06,32.97,32.41,31.97,583,0.52,NORMAL
